,text
0,외국 처럼 사회에 기부하면 더 좋을듯
1,"자식도 그럽니다.
부모가 돈 많으면 눈치보고 잘 합니다.
니가 벌어서들 써라."
2,내  피붙이도   도는데  조카??......아니라고  보는데
3,"부모가  삥뜯은  돈으로  호의호식하고  크고 
배운게 월까"
4,"박수홍씨
결혼해서
애낳으면되지
아직 안늦었구만"
5,그런부모  밑에서  배운게  뭐가있겠냐
6,"저 수홍 애미도 한패 자나~~

저런 할매한테 돈주고 방송대상까지 주는 시방새 방송국

미우새 같은 거지 프로그램도 이번 기회에 폐지좀 하세요~~~~~"
7,"장정구, 김연자, 박수홍.... 죽쒀서 개준 케이스~  요즘세상을 단적으로 보여주는 일~  가족이 남보다 더 남같은 세상~  가족을 믿지 마세요~  특히 싱글들~"
8,윤정희가 치매걸렸는데  자식이 있는데도 형제들 난리치는것봐라
9,"진짜 이거 남의일이 아니다
내재산 내가원하는곳에 기부하고죽고싶다 !!
진짜 지지받으려면 이런거하는 정치인 나와라
많은이들의 걱정이다 
심지어 유자식부모에게도"
10,"부모가 평상시에 말햇으니깐

애가 저런말 햇지.!!

어떤 조카가 지 혼자 생각해서

삼촌 죽으면 재산 지꺼라고 말하냐

평상시 부모가 말햇으니 

조카 입에서 저 소리 나왓지"
11,"내가 돈이 있어야 부모님도 챙기고..:형제들도 있는거죠
돈 없어봐요 형제라도 ..."
12,엄마 아빠 티비에 다 나오고 했는데 잘 좀 해결되면 좋겠네요...
13,아무리 삼촌이 가까워도 삼촌이 미혼인데..삼촌 재산은 다 내꺼야 라는 소리가 어떻게 나올 수 있지? 그건 일반적인 가족 내에서도 절대 하지 않는 말인데..그런 말을 거리낌 없이 한다는 자체가 그 집안 교육과 분위기를 말하는것이지..어떻게 자기 미혼삼촌에게 삼촌 재산은 내꺼라니...일반적인 상식 수준을 넘음.
14,"뭘 물려줘
번돈 다쓰고 가면 되지"
15,"수홍씨 지금에사 조카 비난 받는거 걱정할게 못되요
조카들이 소식을 듣고 ""삼촌 아빠때문에 미안해요""라고
연락이나 왔나요? 올리없죠 
설령,
유산을 조카에게 주더라도 수홍씨 명의의 재산을 수홍씨가 
직접 쥐야 맞는거죠
반드시 다돌려 받으세요
그러고 나서 불쌍히 여기던지 나눠주던지 하세요
순하고 유하게 살아온게 내가 보기엔 스스로 자신의
삶을 학대한거 같네요"
16,"조카, 좋죠.
아무리 그래도 조카일 뿐입니다.
미리 사회에 기부하시는걸 공표하고 사시면 정말 속 편하게 사실겁니다.
그때는 내가알던 사람들의 진실이 보일겁니다."
17,"그 조카란 애 지네 부모가 사기친게 아니라 사업해서 번 돈이고 삼촌한테 돈 안받았다고 쓴 카톡 보니까 지네 부모가 어찌 가르쳤는지 딱 보이더라.  
그 돈 자체가 지네 부모가 삼촌한테 사기친 돈인데 어디서 그따위로 말하는지. 
박수홍씨  조카들이 상처 받을까봐 걱정하던데 그런 마음 싹 접고 소송을 해서라도 한푼까지 싹 받아내서 본인 살 길 찾으세요. 솔직히 부모님도 저 정도면 적극적 참여자가 아닐 뿐 그저 만만하고 착한 아들덕에 온 집안 식구 편히 먹고 사니 한 쪽 눈 감고 아들 하나 희생시킨 방조자라고 생각되더만....."
18,"종양은 경찰의 수사력에 의심을 품게 하는 거라면 
뭐든 쓴다."
19,엄마와 딸이  공모했겠지. 딸이 키우던 아이가 딸의 실수로 죽으니까 엄마가 자기가 낳은 아이를 대신 키우라 했겠지. 그럼 서로 윈윈일테니. 그러다가 키우던 애를 딸이 또 방치해서 죽이니 들통난 것이고... 병원에서 바꿔치는게 말처럼 쉬운게 아니다. 수사의 맥을 완전히 잘못 집고 있는 경찰과 검찰들...
20,"저 신생아사진은 원래 본인이 낳은 아이일테고 왜냐면 수술보에 쌓였으니 그날출산바로직후찍은거니 원래아기.
그리고 커가면서 찍은 아이사진은 죽은보람이니깐 당연히 죽은아이와 눈코입 똑같지.
왜냐면 출산담난인가 바꿨으니"
21,유전자  검사도  그만큼하고 나올수  없는  혈액형 인대도 말도 어불성설로 부정  하는  인간은  인간  이하 의 대우로 족쳐야  실토를  한다
22,근데 바꿔치기를 한다면 뭐하러 보는 눈 많은 산부인과에서 한다는거지 어짜피 딸하고 짠거면 그냥 집에서 하면되지
23,DNA 만이 진실!! 다른건 의미없다!!!!!!!!
24,"기자가 바본가?
가족이 바본가?
누가누가 더 바본가?
이 사진은 진짜 신생아 맞고
발찌 풀린 사진은 바뀐 아이 맞고.
도대체 이 신생아 사진이 무슨 경찰 주장과 배치되는데?
사진이고 나발이고 다 치우고
다섯번의 DNA 검사 일치. 얘기 끋."
25,사진의 저 아기가 없어진 거네
26,"태어날 때부터 100일 된 아기처럼 통통하고 
머리카락도 차롬하고 피부도 뽀얗고 
배내저고리도 터질듯이 딱 맞고 
아이 침대도 빈틈 없이 꽉 차고 그럴 수 도 있잖아요.
아기들이 모두다 같은 건 아니잖아요.

아기 팔찌를 빼거나 끊는 경우는 정말 없지만 
아기 발이 너무 헐거워 그냥 쏙 빠질 수 있잖아요.

유전자 검사상 외할머니랑 아기랑 
친모녀처럼 나올 수도 있잖아요.

혈액형 검사에서 엄마에게서는 나올 수 없는 아기지만 
어쩌면 어쩌면 눈꼽만한 확률로 그럴 수도 있잖아요.

그런데 이모든 확률이 왜 저 집구석에만 몰린걸까요?"
27,저 사진이 무슨 증거가 된다는건지..
28,박근혜 7시간처럼 밝혀지면 큰일나기때문??
29,"엄마랑 딸은 닯는다! 우리조카딸은 누가보면 내딸인줄알고있다. 또 시누이가 낳은 아들은 우리신랑이랑 이발하러가니 부자지간인줄 알더라. 그러니, 동생과 손녀가 닮은건 당연한건 아닌가"
30,"논문한편 써야겠네요..  
외손녀가 딸같은 유전자를 가지고 태어날 확률.
노벨상"
31,"난 저 천인공노할 악마들  말보다
유전자 검사를 천만배 믿는다."
32,"우리나라 80,90년대만 해도

웬만한 기업들에서  비일비재하게 일어났던 일이다.

사장들 후처두는건 다반사였고

관리자들이 생산직 여공들 건드리고 다니는것도
다반사였지!

지금 연예계.

미투있기전까지 저러지 않았나?

장자연사건이 오래전일이 아니다!"
33,한국에서 태어난건  이미 거룩한 축복이다.
34,어처구니 없는 나라구나.
35,후진국일 수록 여성의 인권은 낮은 현실...
36,완전 무법사회네
37,저기도 인간쓰레기가 넘쳐나는구나 슬프다
38,남미는 뭔가 원초적인것 같음
39,여자교도소는  관리도 여성이 하게 해라  그럼 이런 추악한 성관계는 사라진다
40,하여튼 이 나라나 저나라나 되지 못하게 갑질 해대는 인간들이 꼭 있어.
41,지도자 잘못뽑아 아작난 나라!
42,저런걸 얘기하는건 아니지만 한국은 범죄자의 인권이 피해자의 인권보다 더 중요하게 보여서 바꿨으면 좋겠음
43,암튼 남미는  식민지스러워요..... 마약.. 섹스...
44,본능만 있는 짐승
45,"한국 페미들 수출해라.
니들이 얼마나 미투 갑질 좋은나라 사는줄 절실히 느낄거다."
46,"꼭 다현아빠가 잘못한거처럼 제목을 써서
봤는데 내용은 예절캠프의 행태에 대해썼네요
제목바꾸세요"
47,"다현이 아빠 김봉곤 훈장은 진천에 있다 
그런데 기레기는 김봉곤 훈장의 영향으로 
서당이 학폭이 되었다고 주장하였다

누가 보면 다현이 아빠가 그런 줄 알겠다
하여가 기레기하고는"
48,기사 제목에 비열함을 느낀다!
49,"왜들 예절을 배우는데 
청학동 가야 된다고 생각들 하지 ~???
청학동 예절이 예절의 기준이냐 !!!!!!!"
50,"김봉곤훈장은 지리산 청학동에서 옮겨
 지금 현재 충북 진천에서 서당 운영중인걸로 압니다.
지금 기사에 나온곳 아닌거같은데 기사에 관여된듯이 나오네요"
51,"김봉곤씨 말고 다른 서당이 있는걸 이제야 알았네...
망할 돈이 뭔지..."
52,다현아빠란 소린 왜 집어 넣었지? 기자야
53,"기자는 왜  다현이 이름을 들먹이는지...
김봉곤 훈장이 사고 난 곳이 아닌데 왜 뭐라 하는지요  너무 그라지 맙시다"
54,"김봉곤 훈장이 얘들 학대했나요???
왜 김봉곤훈장님을
거론하는건지?????????"
55,"토착왜구 언론 기사 제목 쓰는 꼬라지 봐라.
제목만 보면 ""다현아빠"" 예절캠프가 학폭을 저지른 서당인 줄 알겠다."
56,"야 이 기레기야 
니가왜 기레기란 소리 듣는줄알아
유명인 내세워서 마치 유명인이 그런거 처럼 조회수 높이려고
끼워넣은거 다알고있다

니가 진정 기자라면 양심을 걸고 기사를 써라

이러니 쓰레기만도 못한 기레기야소리듣는거야 이 기레기야"
57,"깜놀!
김봉곤 훈장이 운영하는 서당이 그런줄....
하여튼 기자란 
할 말이 없네요."
58,"서당이 문제가 생기는건
아이들 버려놓는 서당이 되어서 그렇다.

부모에게 외면당한 아이들이 유배되는곳..

서당은 돈받아 좋고 
사이 안좋거나 이혼한 부모들은 아이들 신경 안써 좋고

방치된 아이들은 점점 타락해가고..

예절교육시켜주는 줄 알고 순진한 아이들은 폭력에 당하는거고."
59,"뭐가 괜찮네 하면 
다음날 부터 우후죽순식으로 생겨나고
그로인해 가지가지 안좋은 행태들이 나타나고

서당만 그런것이 아니고
개신교/ 사이비종교/ 기타 종교들도 
지극하게 상업화로 변질되어서
종교로서의 의미는 이미 상실되어 있다
우매한 사람들이 진짜 신이 살아있다고 믿고
재산바치고 집압살림은 개판오분전이고
밥통에서는 구더기 나올것 처럼 더럽게 생활하면서
교회에서만 장로고 집사고, 선한척하는데
교회밖에 나오면 전혀 다른사람이 되는 신도들
그 모습이 참~ 웃긴다
신앙이라는 것 
이제는 신을 팔아 
온갖 거짓으로 점철되어 있으니...."
60,종양 기레기
61,기레기땜에 죄없는 순박한 아줌씨 죄인 아닌 죄인되겠네...   이렇고싶니? 불쌍한 노인네한테
62,중앙답다.
63,"너무한다 중앙일보 니네
너무 치졸하지 않니?
이런 수준의 기사까지 써야  먹고 사는거?
참나 ㅠ"
64,"유족 보상금과 성금을 전액 기부했다는 것도 
놀라운 일이지만
부사관 상사인데도 
금액이 2억도 안된다는게 더욱 더 놀랍다.
세월호,5,18과 비교하면
나라를 지키다 죽은 목숨 값은 너무나 씨구려다
이건 나라도 아니다!"
65,종양일보
66,"대통령과 영부인 더블민주당 혐오한다는
한명 한명의 목소리는 소중하게 기사화 시키는
언론들 작태 ....어딘지 안 봐도 비디오인데
친일세력에 빌붙어 살아온 많은 정재계 .역사가
그들에게 장학금 받은 학계 학자 방송인이
한둘이여야지 ㅠㅠㅠ"
67,"역시 제목만 봐도 딱이네
조중동 기레기들!"
68,"기사수준 저급하다..
이런 기사속에서도 김정숙여사님께서는 아주 따뜻한 면모가 빛나는것같다.. 대통령도 영부인도 사람이 참 좋으시다"
69,"이명박이가 저지른 일을
왜 엉뚱한 데 화풀이래?"
70,제목만 보고도 알았잖아. 중앙일보. ㅋㅋㅋㅋㅋㅋㅋㅋㅋㅋㅋㅋㅋㅋㅋㅋㅋㅋㅋㅋㅋ
71,도의적인 책임이 따르는거지 기사가 대놓고 저러는곤 좀아닌거같내요
72,오죽힘들엇으면하는 ...마음이드네
73,택배기사분들 힘들고 짜증나는건알지만 이건 잘못된거같습니다.그러면 택배일관두면 되는거지 5층에산다고해서 죄지은건아니잖아요 공짜로일하십니까?돈받잖아요.정신차리세요 택배기사님
74,지가 5층맨날왔다갔다해봐야 마음을 알지 딱봐도 부탁으로보이지않니
75,심정은 이해가 가는데 대놓고 문자하는것도 좀..
76,"주문한 사람도 이해가 가고
택배기사도 이해가 간다.
어쩔수 없는 일"
77,"일 골라할거면 때려치워
같은 논리면 1층에 사는 사람한텐 1층 살아줘서 감사하다고 문자 보내냐?
5층 걸어서 배달한다고 죽겠다고 문자질은 협박이지 부탁이냐?
쉴드칠걸 쳐라"
78,오죽 힘드셨으면 보내셨을까..라는 생각도 해봄
79,고객도 힘드니 돈주고 택배시키는건데 ㅋㅋㅋㅋㅋ워딩봐봐 정중하게 말야 ' 무거운건 한번에 시켜주시길 정중히 부탁드리겠습니다 ' 도 아니고 '죽으란것밖에 안대는데!' 라면서 고객 원망하는 말투 ㅋㅋㅋㅋㅋ 택배일은 자기가 선택해놓고 자기 힘든걸 고객탓하는 기사라니.....곧 짤릴듯
80,누가보면 공짜로 인하는줄 ㅋㅋ
81,한번에 주문해도 다같이오지 않는걸
82,"참 택배기사 마음도 이해가고 소비자 마음도 이해가고.... 
택배기사님 이왕이면 좀 덜 강경하게 문자 주셨으면 소비자도 한 번 더 신경쓸텐데.
엘베없는 4층 거주라 참 마음이 그렇네요."
83,"택배비를 올리면 됩니다. 2500원이 아니라 최소4000원으로 편의점 택배 가서 생각해서
가고 오는 노동력을 더해 요금인상을 하면 .,"
84,"저는 중식당 자영업자 입니다.
음식 주문건이 평균 하루 90콜 정도되는데
저희 동네는 엘베없는5층 저층 아파트가 많답니다.
기사3명있는데  무거운 음식든 배달 가방들고
수없이 배달가고 다 드시면 다시가서 찾아오고
수없이 반복합니다
택배기사님도 나름 고충이 있으시겠지만
저런식의 문자는 이해가 가질않네요
안힘든일이 어딧습니까..
정 그렇게 힘드시면  앉아서 하는일을 찾아보세요"
85,"택배해봐서 기사의 심정도 이해는 충분.
엘리베이터 없는 주택 
가볍던 무겁던
물론 무거운 물건 더 힘들지만..

한, 두 집이 아니라 정말 힘들긴 해요.

방법도 없고..."
86,5층 엘베없는건 택배기사 이해가 감 ㅋㅋㅋ
87,"엘베없는 5층 구식건물일때는
일반 계단보다 높낮이도 더높은거같음
진짜 생수6병묶음 두팩 들고올라가면 숨이 턱턱막히긴하더라"
88,술쳐먹고 노답인게 얼마나 많았는데 그걸 광고하고 있었으니 이게 옳은거지
89,술광고는 길거리에서 안하는 게 맞지
90,"원래 옥외광고물 불법 안닌가요?
보행하는데 걸리적 거리고......
주류광고물 아니라 어느 광고물이던지.....
당연한거 아닌가???"
91,어휴 ㅡㅡ 할짓거리가 그렇게 없냐
92,술광고는 주류 회사만 배불리는데 소상공인 허고. 무슨 관련
93,"우리나라만큼 술에 관대한 나라가  없음.
그로인해  사건사고도 많이 발생하는 중이고..
연예인 이용한 술광고는 제재하는게 맞아요!"
94,"슐로 사고치는놈을 조져야지
광고가 있던없던 술은 계속 먹을건데"
95,"청소년이 좋아하는 연예인들이
청소년 시기 음주 게임이 얼마나 유해할 줄 알텐데
버젓이 광고로 돈을 벌고
그러면서 
기부한다 청소년 위한다
정말 가식적이고 

연예인 이용한 유해환경물질에 대한 마케팅을 금지해야 한다"
96,쓰잘데기 없는 짓거리들 하고 자빠젔네
97,등신대 저거 가게 밖에 내 놓으면 불법 옥외 광고물로 알고 있는데요. 구청에 신고하면 되지만 신고하고 등신대 세우는 가게 못봤네요.
98,"선장은 바람 탓 하지만, 결론은 왜놈 조선소가 잘못 만든 탓!"
99,"일본하고 대만은 형제국처럼 지내는 사이좋은 나라다 혐한풍조는 두나라 똑같으니 참 잘 되었다
둘이 반반씩 물어내라"
100,"좋아하면 안되는데 난 왜이리 좋노 
일본회사에 파멸을"
101,우리 나라 남북 철도 이어지면 수에즈 운하 수입 줄어들겠네.  미안하지만 우리 부산항 수입이 늘어나 우리나라 부유국된다.
102,중국 조선소에 이어 일본 조선산업도 망테크 ㅎㅎㅎ
103,민폐종결국 일본
104,"세계적인 민폐국 

일본 중국"
105,"전당포 사나이들인가?..
그집 갔으면 백만원도 못받았음...
""우리도 언제 팔릴지 모르고 위험 부담이 크다면서...."""
106,"아... 어머니가 남긴 소중한 유산이라면서 팔아버리는구나.
돈앞엔 참...."
107,정말 마법같은 이야기네요..
108,당시 가난에 허덕이던 싱글맘 해리포터 작가.. 이렇게 대박날줄은 본인도 몰랐을텐데 ㅎㅎ 정말 명작
109,97년에 산 1500원 주식이 2021년 1억으로 껑충 뛸줄은 누가 알았겠누
110,일단 경매에 나와봐야지 지금은 걍 예상가
111,"교훈~~~
책을 읽자~~"
112,해리포터 초판 불과 500부만 인쇄했었구나
113,어느 나라 사람이든 버리지 않고 모아두면 돈이 되는것은 마찬가지네.
114,"외국기사 베껴쓰고,포털은 메인에 올려주고,

오세훈,박형준,박덕흠 부동산 투기했으니 사퇴하라는 기사를 써야 정상아닐까"
115,능력자만 받는다는 남편의 내조! 장교님 대한의 안전을 잘 부탁드립니다
116,대단하다..
117,"상 줄게 ㅇㅏ니라
장교 보직 구조 개선이 필요한듯
거의 일년에 한전 이사라.."
118,외조의 달인 짝짝짝!!
119,군대문화를 바꿔라 이것들아
120,애처가시네
121,"거의 1-2년 한번씩 이사다니던데..
애들도 솔직히 좀 안쓰럽긴 하더라.
학교에 좀 적응한다싶으면 이사하고..
또 이사하고.."
122,국가와 국민을 위해 헌신한 여러 국군장병 여러분과 많은 어려움에도 그 군인들의 버팀목이 되어주신 수많은 군인가족 분들께도 감사한마음을 가지도록 하겠습니다
123,"국방의 의무를 다하고 있는 여성을 위해 헌신하신
남편 분께 감사드립니다.

덕분에 발뻗고 편하게 잘 수 있습니다. 고맙습니다."
124,장교들 인간적으로 너무 돌아 다녀 가족들도 샹각해서 웬만하면 비슷한지역만 해줘요
125,군인이랑 결혼하신분들보면 대단하더라...
126,상금 100만원 아니라  500만원 이상이면  좋게다
127,저는 군인 아빠따라 이사 34번 했는데 ..
128,"우리 국군 및 군인가족들
선지국 수준의 존경 받아야 합니다.....
감사합니다

짝 짝 짝"
129,세금은 이런분들  보상해 드리라고 내는겁니다
130,사람들 공포 조장해서 나라랑 국민들한테 어떻게는 해를 입려는 기더기놈
131,이런 뉴스는 어떻게 잘 찾아 내서 싣는지 참. 최초의 사례란다. 어쩌라고 맞지 말라고? 벌써 다 맞았다. 별 이상 없이.
132,"화자도 부작용 많다던데
Az도 맞으면 안되고 모거나 얀센도 안되고
뭐 하자는 거야?
백신 맞지 말자고 국민들 겁주는 거야?"
133,"감기약 먹고도 저런 부작용 나와 
개소리 그만 떠들어 기래기야"
134,기자는 백신 주지마라
135,미국에서 의료계에서 일하기에 벌써 작년 12월에 모더나 맞고 여태까지 잘만 살고 있다. 내가 일하는 주 에 통계를 보면 나처럼 일찍 모더나 맞은 사람들 아무도 이상반응 없었다.
136,"독감주사도 부작용 있다

어떤 주사가 부작용 없이 100% 안전한지 알려주세요"
137,이지윤 기자 백신접종 하지마세요~
138,"약국가서
아무 약이나 사고
거기 설명서에 부작용 찾아서 읽어봐
기자는 아무약도 먹으면 안되"
139,언론은 사회의 악
140,"무슨 백신이던 부작용은. 있고 하물며 치료약들도 부작용이 있는데... 부작용때문에 기자는 항암치료 안할거??? 이 코로나는 내가 걸리면 얼마나 아플지 모른다.. 운좋음 무증상일수도 가볍게 지나갈수도 있지만 반대로 아주 안좋은 상황까지 갈수도 있다. 불확실하니까 무서운 거다..
백신이 그것보다 확률적으로 안전하니 맞는거다.."
141,백신 부작용에 대해 쓰면 왜 그게 정치적 논리로 해석이 되는지.. 당장 몸에 들어갈 성분이 뭔지 확인도 안하고 의사가 나보다 공부 잘했으니 맞으라면 그냥 맞는건가 자기 상식 따윈 없는건가 백신 첨가물이랍시고 넣는게 저런걸 일으키는게 그냥 당연하다고 생각하고 맞는건가 정말 대단한 믿음이군
142,"자연은 침묵하고 있지만 인간의 탐욕 에
침묵하지 않는다.
그대로 인간에게 다시 돌아갈것 이다.
자연과 인간은 하나이다.
자연이 멸망하면 인간도 멸망한다."
143,"한국놈들아 멀리 볼 것도 없어
느네 사는 한국 모든 유원지 호수 강 계곡 그리고 당신이 살고 있는 주택가 한 발치 걷다보면  담배꽁초로부터 시작해서 바람에 날리는 비닐조각들 한켠에 쌓아둔 검정비닐 음식쓰레기 . 그것두 옆구리 터져 내장나온 그런 것들을 쉽게 볼수 있을거야.   청소부만이 치우는 정도로는 감당못하게 버리는 한국수준을 멀리 보는  가증스런 눈으로 거울을 봐라. 그게 너의 모습이고 한국넘이라는 것을."
144,인간이 죽어야지 해결됨
145,"저지경이되도록........
인간이 지구를 죽여가고 있구나~"
146,ㅠㅠ 너무  심하다ㆍ지금부터라도 플라스틱  없애자요
147,재앙을 스스로 만드는 인간
148,"아무도 돕지마시길....

스스로 자각을 하여야된다봄.."
149,과학자님들  핵만들지말고 플라스틱 비닐  처리기술좀 만들어주세요~
150,쓰레기 매립지같다 조만간 인간으로인해 지구가 사라지지싶다
151,다죽어라 제발 인간은바이러스다 죽는게지구에득이된다
152,내 나이 50...딱 우리 세대까지만 만수를 누리지 싶다...후손들은 자연과 환경오염으로 재앙을 피할수 없을듯 싶구나...이제는 늦었다ㅜㅜ
153,지구 종말이 다가오네요.
154,그래도 니들은 잘 벌어봤잖아. 영원한건 없다.
155,그래도 임대료는 안내리더라  상인들만 죽을맛이지 건물주들은 해외로 여행다니더라
156,코로나때문에 노량진 노점이 망해가는건 팩트인데 그게 정부탓은 아니잔아? 노브레인것들이 그냥 헐뜯기만 하는데 그럼 택배 배달업 성행은 잘되는데 그것도 정부탓이냐??
157,영원할것만  같았던 노량진도  코로나 앞에선 장사 없구나 고시원 엄청 비쌌는데 이제 들어갈 사람도 없겠군
158,변화되는 세상에 누구를 원망하랴
159,다른덴 몰겟는데 컵밥집 같은 노점은 좀 망해야 된다.점포 얻어 정식으로 세금 내는 가게들 이용해야지 노점은 팔아주면 안됨
160,"그럼 코로나시기에 컵밥먹으러 가야하겠냐?
어지간이 해라...기렉아...니가 먹으렴..."
161,예전에 긁어모았을텐데 그걸로 조그만 기다리세요
162,"노량진은 거품이 심햇음
꺼질시기가 온거지.."
163,노량진 사는 사람인데 저 정도는 아닙니다 작년말보다 훨씬 유동인구도 많아지고 학생들도 늘었어요 오전 시간에는 컵밥 먹는 사람 없어여 오후 지나면 컵밥집 문 다 여는데 .. 글구 저 건물은 코로나 여파 이전에 이미 저렇게  아무 가게도 안 들어와있는 건물이었는데 무슨 소리인지
164,"코로나나 세태 변화 탓 하지 마라
노랑진, 신림9동 고시촌, 신촌 대학가
다 자업자득

다른 곳보다 얼마나 편하게 장사했나
모여든 고시생 공시생 대딩한테

치열하게 전 계층 상대로 
경쟁하고 변화하며 생존한 자영업은
최소한 이 시기에도 버텨낸다"
165,"세상은 변화한다
양지가 음지되고
음지가 양지된다"
166,코로나가 많은 걸 바꾸고 있네요.
167,"변화에 대처하는 자가 승리하는 법~~^^
누구 추억거리  둘려고 노량진 가서 공부하냐"
168,세상이 바뀌어가고 있구나.....
169,아~저렇게 약자들 눈에 피눈물 나게 하는 인간들을 위한 지옥은 꾝 있으면 좋겠다~.
170,"가해자의 재산이
피해자 보상에 쓰여지는건
진짜 좋은 법률이네요"
171,그래도 죄값을 받고 죽었지만 한국엔 김학의를 비롯해 아직도 감옥도 안가고 살고 있는 자들이 많지요
172,창수야 나 기자 맞냐? '''금융인 제프리 엡스타인의 피해자가 자신의 아들이 보는 앞에서''  보통 무슨 사건의 피해자라고 쓰는거야... 도둑놈의 피해자라고 쓰는게 아니라 도둑질의 피해자 라고 쓰는거야. 요즘 기자들은 시험 안보냐?
173,우리도 가해자 재산을 피해자에게 배상해 주는 법을 만들어야 한다.
174,"김학의 피해자가 생각 나네

김학의 별장 사건이 처벌 받지 않은 건

대한민국이 검새 무법 공화국임을 증명한 거다"
175,"이런놈을 감옥에 집어넣은 미국의
사법부를 존경한다.
우리도 막강한 힘을 가진 자라도
잘못을 저지르면
감옥에  넣길 바란다"
176,트럼프 찍었던 미국사람들이나....박형준 오세훈 지지하는 서울 부산시민 들이나.....
177,"참 지저분하게 살다가 감옥에서 죽었는데, 죽어서도 남긴  쓰레기를 치울려면 아직 멀었네"
178,우리나라 검사 였으면 기소유예
179,진보는 조금만 못해도 난리고 보수는 많이 못해야 난리다 아무리 이 정권이 문제가 있어도 보수정권보다는 훨씬 잘하고 있다 벌써 망각의 기억에 들어섰는가? 언론이 우리 눈을 속이고 역사를 제 마음대로 만들고 있다
180,표창원 의원. 이시대의 양심. 의로운 정치인
181,버거워서 물러났으면 닥치고 계시라 아직도 싸우고 있는 정치인과 국민들에거 부끄럽지도 않은가??
182,털자고 달려드면 공정시비잣대를 비켜갈자가 몇이나 될런지...
183,난 여당편이 아니라  표창원 편~~
184,팩트체크 문재인정부가 돈을 많이 쓴다? 왜 기레기들이라 하는가? 문재인정부 재난지원금등으로 국가부채 2020년까지 3년동안 7.5프로 증가했다 지금 깜빵에서 세금축내고 있는 것들까지 2016년도 까지 문재인정부 이전 20년동안 나라빚이 자그만치 340프로나 이미 올라갔다 1년평균이 14프로 나라빚증가률이다 뭐로 설명할래? 이 미친것들아 대선때마다 수천억씩 뿌려대는둥 나라걸덜내고 국가부도내어서 국민전체를 거지만든것들이 그때에도 쌍으로 깜빵가고도 정신못차리고 차때기등으로 지들배댓지만 불리고 북풍ㆍ총풍 별짓을다하더니 어떻게 변한것이 없냐
185,표창원씨가 말 할 자격이  있는지?
186,"여당 야당을

떠나서

국찜이 더 부정부패 

하다는 사실은

변하지않는 진리"
187,정치하는것들 모조리 더럽다~
188,"한때 당신을 참 좋아했었고 맘속으로나마 응원했었는데 어느순간 혼자 백로인척 떠나더이다
진정 올바른 생각을 갖고있다면 진흙탕속에서 싸우면서 국민들을 위해 일해야하는거 아닐까요
결국 도피한사람은 평가할 자격도 없는법
말로만 하는 정치는 누구든 할사람 많습니다"
189,"대한민국 건국이래로
이런 정치인은 수없이 많았다
자기만 백로 인거 처럼 생각하는 자들"
190,표창원씨!! 도대체 조국 교수의 무슨 점이 문제가 된다는 거요?  한가지라도 좀 구체적으로 말해 봅시다. 기레기들의 악의적인 오보에는 한마디도 못하면서 고작 이런식의 인터뷰나 하니 참 안타깝소. 이렇게 살걸 뭐하러 정치에는 나왔소. 그냥 경찰대 교수로 살지
191,그래도 국짐보다는낫다
192,창원이형 최고
193,"국짐한테는 언제나 대고 말할건데?
비겁한자!
왜 민주당만 더더 채찍질 당해야 하는데?
기가?막히는 발언!
당신만 지식인이라 생각마라
국민도 당신만큼 아니 당신 보다 더 판단력 있다!"
194,아 난 이렇게 뒤통수 차는 인간들이 제일 싫어. 본인만 깨끗하고 옳은척..
195,그래서 방송국 3사 돌면서 돈을 갈퀴로 긁고  계시나요.
196,"당신말은 맞을지 몰라도
당신의 행동은 틀렸어요
그래서 문재인 대통령이
그걸 몰라서 계속 남인계신게
아닙니다 다른 의원들도요
그래도 누군가는 계속 싸워야
하니까요 완벽할순 없지만
그래도 싸워야 되는거에요
민주주의는 그래서 힘든거에요
당신은 그냥 혼자 편하려고
도망친 것 뿐입니다
포장하지 마시길"
197,여애 모두 이런분의 말에 귀담고  스스로 반성도 하면서 옮바른 정치가 이루어졌으면 합니다
198,정당한 민원도  그닥 소비자편이  아니던데  저런사람들은  어찌저렇게잘하지?
199,아무튼 한국은 목소리 큰 사람이 이긴다는 무지의 소치가 불문율처럼 만연해있다. 에휴..
200,남의 눈에 눈물 쏟게 만들면 그 곱절로  당하게 될지어다.
201,경찰 부르면 되지 뭘 어르고 달래고 있어 ㅡㅡ
202,진상을 받아주니 진상들이 계속 늘어나지
203,"항의하면 돈주고 안 하면 생깐다는...
뭐 그런 기사네"
204,약관도 모르냐 뭔 말도 안되는..상품권을 왜 줘? 이해불가.
205,정말 금감원이 무슨 프리패스인줄 아는 인면수심 인간들이 참 많다. 본인이 가입하고 약관에 다 나와있는데 안읽은 걸 자랑처럼 떠벌리는 인간들. 부끄러운줄 알아야지
206,울어야 젖주는거구만🤔
207,"따진다고 사비로 500을 줘??

저게 가짜기사이거나 
고객이 환매하라고 했지만 증권사직원이 더 가져가라고 우겼거나..
두가지 경우중 하나일듯.."
208,"악성민원도 있지만 금융사 문제도 많다... 음주운전자가 신호위반해서 내 차를 들이받아 그쪽 귀책 100%로 차 수리했는데, 다음번 보험갱신하려니  내 차량 가치가 떨어졌다면서 자차를 안들어주려 하더라. 떨어진 가치로 라도 자차 들게 해달라니까 무조건 안되다 하다가 민원넣으니까 심사해서 받아주는거라면서 자차 들어주더라.."
209,"떼쓰면 다 해주고...떼 쓸줄 모르는 사람 억울해서 살겠나
정신 똑바로 차리고  안되는건 안되는걸로 해야지 왜 갑자기 되게하냐"
210,이걸 왜 해줌? 경찰을 불러야지
211,오.. 말 안하면 아무것도 안해주는가보네?
212,억압적인 분위기에서 성범죄는 은밀하게 진행될 가능성이 높다는 걸 보여주네요.
213,영국이나 일본이나 섬나라 미개인 들이네
214,서양이라고 별로 다르지 않다. 남자들 있는데는 다 똑같음. 다만 법적 처벌이 달라. 판사도 남자라 똑같다는 소리 듣기싫으면 법 좀 쎄게 때려라. 어디서 보니 우리나라 성폭력 법이 일본기준에 입각해서 만들어져서 이모양이라던데 맞는건진 모르겠네. 아는 사람이 댓글 좀 달아주라.
215,"영국 욕 적당히 하고 우리나 잘합시다.
우리나라 리벤지 포르노부터 걱정합시다"
216,"왜 정치인과 재벌들이 성범죄 저지르고도 뻔뻔한지

그 출발점이 바로 10대때 성범죄구만,

이미 1`0대때부터 권력과 돈을 가지면

성도 가질수 있다는 개념이 박혀버렸어."
217,"유럽에 대한 환상을 버려라.......
우리나라가 최고의 나라다!!!"
218,피해자의 행실이야 어떻든 어떻게 행동해도 피해를 받지 않을 권리는 누구에게나 존재합니다. 성폭행 문제를 성별이슈로 몰고가는것이야 말로 제일 바보같은 행동입니다. 얼마전 서당사건을 통해서도 남성도 충분히 피해자가 될 수 있음을 다들 인지하셨을 겁니다. 성폭행은 범죄이고 범죄는 규탄받아야합니다
219,"영국이 신사의 나라라지만, 그것은 말뿐이란걸 이미 알고 있었다."
220,"영국인들 실체는 야만스럽기로 유명하죠..

일본, 중국이 역사 왜곡하는것처럼  영국인들도 신사이미지를 억지로 만들어 전파했습니다.

우리 국민들이 경각심을 갖고 역사에 관심을 갖는게 어떨까요? ^^"
221,섬나라는 다 똑같구나. 일본이랑 다를게 없네? 일상생활에서의 강간문화
222,"외국은 성에 대해 개방적인게 아니라
성에 대한 개념이 없는것 같음.

답글 작성"
223,인도여?영국이여? 이건 뭐 다 강간의 왕국인건가
224,ㅋㅋㅋㅋ 제발 성욕좀 아 진짜 그놈의 성욕 자제를 못하냐
225,언론개혁이 시급하다
226,"코인했겠지. 적게는 두세배
많게는 50배도 벌었으니 주식하고는 차원이다름"
227,뭔가 한탕주의 기사네
228,"기자와 유투버가 동명이인인가?
아님 동일인물인가?

기사를 막 쓰네

채널 구독자 늘려 돈벌고 싶은가보네"
229,대한민국 언론 기레기의 현주소를 보여주는 아주 좋은  기사.
230,그리 잘하는데 20억벌고 끝? 한 십년후엔 500억 벌었다고 나오겠네. 유튜브는 왜하는지? 조용히 돈이나 더벌지?
231,한정수 기자가 본인 한정수를 인터뷰해? 아 진짜 ! 다음의 쓰레기 낚시질에는 한계가 없구나. 뻔뻔한 것은 인정!
232,운이 좋았네 정말로 ㅋ
233,한정수씨를 한정수 기자가 인터뷰했다니.  세상에  이런 우연이...쓰잘데기 없는 기사로 한탕주의 부추기지 마라.
234,"이런 어이없는 기사들때문에 지금 2030들의 인식이 왜곡되는거요. 기자양반 반성해야해. 진짜.
하락을 두려워 말라고? 그게 기사에서 나올 말이요? 결과론적으로 성공한 사람말고 반대인 기사도 써보시지? 
돈이 최고고 나만 이기면 된다는 저급하고 저질의 경제사상을 주입시키는게 언론의 역할인가?"
235,솔직히  기사 내용도 제대로 안봤지만 그렇게 잘나가면 유튜브도 하지말고  조용히  잘살아라
236,설령 모은 사람은  입닥한다
237,그대로 계속 투자하면 언젠간 다 말아먹는다에 한표... 카지노처럼 땃을때 털고 나오고 다시는 안가면 모를까.. 계속 가다보면 언젠간 말아먹는다.. 1년에 수십배를 불리는게 과연 투자일까 도박일까. 계속 해보면 알게된다.
238,기사쓰는 거하고는 바로 위에 주식투자 실패 용광로 자살 30대 기사가 있습니다.
239,호적보다 어린×  호적보다 적은○
240,"아흔이 넘으셨는데 뭐어때 건강하시기만 하면되지.
건강하세요 할머니"
241,일단 구십넘겨 장수하시는것 존경스럽다 온갖 사고 질환 다피하고 살아남으신거니 대단한거지. 오히려 젊은사람보다 건강하실것 만성질환도없으시단거니까
242,건강하세요^^
243,진주 할매 만수무강 하세요~~
244,저 나이에 주민등록번호가 중요하실까 건강하시면 됐지뭐
245,"우리 할머니보다 어리시당.
우리 할머니 빠른 22연생.. 코로나만 아니면 시골에서 100세잔치 하려했는데.. ㅠㅠ"
246,할머니 건강하세요♡
247,우리 할머니는 102세까지 사시고 작년에 소천하셨음
248,"일단 시나이가 96세 인데도 건강하신것도 다행이심 
70대후반만 되도 여기저기 아프신분도 많은데
할머니 건강하게 지내세요~~홧팅~~!!"
249,오래오래 건강사세요
250,할머니 건강하세요~♡
251,오래오래  건강하게사세요
252,할머니 꼭 건강하게 오래 사세요^^
253,할머니 아프지말고 사시는동안 행복하세요.
254,5년후에는 101살 이겠네 장수하시길
255,"공뭔 절대 편하고, 칼퇴근 하는 직업 아닌 거 알아야 합니다. 
79급 하급직 까짓것 1년이면 붙겠지 하고 달려들었다가 몇 년을 날리는 사람들 허다합니다. 
그나마 합격한 사람들은 만족할까요? 대면 민원처리 중 쏟아지는 전화민원, 온라인 민원, 일 안하려는 나이 많은 6,7급, 동물사체처리, 지역사회단체 응대, 폭우나 폭설 및 산불에 철야 또는 비상대기 및 조기출근. 그러고 돌아오는 건  국민연금보다 개인 기여금 몇 배나 많이 내도 세금 도둑이라는 국민욕받이. 일 똑바로 안하는 공뭔들 있는 건 사실이지만 추천할만한 직업은 아님."
256,9급 8 급은 건들지 말자 갸들은 뭐 굴려보고 싶어도 굴릴 거 자체가 없어요 사생활 침해만 될 뿐ㅎ 입직하면 새로 온 걔는 집이 몇 평이라더라 돈은 얼마 모았다더라 그럴 게 뻔한데ㅎ 이게 무슨 효과가 있을까 나중엔 아예 속옷 색깔까지 신고하라고 그러지 그르냐 공직기강 확립 차원에서
257,이제까지 좋았지~철통밥그룻
258,"제발 좀 사직 해 다오
공무원 못해서 이밤도 날 세우고 노력하는자
엄청많다 배부르고 등따신 소리 그만해라"
259,나이스 중소기업 느껴보자
260,10명 중 3명이면 여전히 선호되는 좋은 직업이긴하네
261,그래 제발 그만좀 둬라. 대신 열심히 일할 젊은 사람들이 줄서서 기다리고 있으니. 환영한다.
262,어서와~ 사기업은 처음이지? ㅋㅋ
263,"잘못한 건 공무원 아닌 공기업인 LH 직원인데, 소급 적용 처벌도 안하고 그렇다고 이미 그들에게 대박을 안겨준 신도시는 취소 안하네요. 더구나 상관도 없었던 공무원만 국민의 적으로 몰아 물타기 하려는데 정말 화가 납니다. 아니, 좋다구요. 투기와 상관도 없는 엄한 부서, 말단 직급까지 다 등록하면서 왜 국회의원, 도의원, 시의원은 빠지는건가요?"
264,사실 맞지.  지들이 잘못해놓고 갑자기 뭔 아랫사람 후들겨빼서 재물로 바칠려고...쯧쯧
265,"검찰 투입해서 수사 금방 끝냈으면 되는 걸,

한 달 넘게 수사하더니...

기본적으로 업무 관련자들만 체크하면 될 것을...

모든 공무원에 적용한다고?

이 정부는 개 잡는데 소 잡는 칼을 쓰네."
266,그만둬라. 니네들 아니어도 하겠다는 사람들 많으니까 배부른 소리들 하고있네
267,"어떤놈들이 감히 공무원님께서 이직하신다는데 말린단 말인가!

어서 이직 하시게 놔두거라!!"
268,"ㅋㅋㅋㅋ
건국이래 최고에 기분좋은 말이네
공무원들 제발 그래라!!
사법 행정 입법  이번기회에 물갈이 하자
그래야 뿔어터진 짜장면 안나온다"
269,하루삼천에서 사천명이 적다고... 중앙일보 미쳤냐...
270,마스크는 좀쓰고다녀 ....백신맞는다고  안걸리는건  아니잖뉘
271,"니는
거가
살어"
272,"기레기님 자 우리 초등학교 제대로 졸업하여 산수공부를 한 사람이라면
영국인구 6200만명정도
한국인구 5100만명정도

막 백신접종 성공하여 항체 가지고 방역의 성공을 이루고 있다고 기레기님이 칭찬하시는 영국은 
전국민6200만명 중 하루 확진자 3~4000명이죱?

대한민국은 5100만명 중에 최근 하루 확진자 3~500명..인데 큰일이라고 바싹긴장하고 있죠?

자, 초등학교를 정문으로 제대로 나온 기자님이라면 지금 어디가 방역이 더 잘 되고 있지요?
이거 못 맞춘다면 기자님 초등학교 뒷문으로 나온거죠?"
273,"1일 3, 4천명이라...

중앙기레기는 이 정도 산수가 안되나?
대한민국은 하루 몇명?"
274,"백신 접종하고도 영국은 하루 3000, 4000명 확진되는데.... 겨우 300, 400명 확진하는 울 나라는 뭐가 그리 잘못하고 있다고 국힘당은 난리인가..."
275,대한민국 국민이 자랑스럽습니다. 기자빼고
276,갸네 AZ 백신 맞았잖아. 화이자 안 맞고..  니들이 생난리쳐서 어르신들 안 맞는 거 어떡할 거냐?
277,"백신을 맞으면 보다 안전한 사회로 갈 수 있는데,

그 동안 언론들이 취한 행태를 보면 과연 공공의 안전를 위해 기사를 쓰는지 의심하지 않을 수가 없음."
278,하루에 3000-4000이면 잘하는거야?? 우리나라는 난리가 날텐데
279,"반전?
코로나 걸릴대로 걸리고,
죽을사람 죽고 난 이후가 그리 좋드냐
그리 좋으면 배양흐 바이러스 주사맞고
미리 걸리지 그랬냐"
280,하지만 아직도 하루 4천명씩 확진 나온다는 거
281,완전 미쳤네
282,우리나라 군대를 출동시켜서 점령하자
283,한국인이였음 니들 다 죽었다
284,이제는 유앤이 나서야 합니다
285,전두환이놈아  양심이  있긴하냐
286,미얀마의 민주주의를 지지합니다
287,전쟁이다. 자국민 보호를 위해 파병해야한다
288,"기자님은 기사 타이틀 잘 쓰시고 
독자들은 기사좀 제대로 읽읍시다. 
한국인은 아니잖아요
사람 목숨은 자국민이 아니어도 동등하지만.."
289,다국적군은 이럴때 좀 투입했으면..
290,미얀마 군부 철저히 응징해라
291,"미안먀의 군인들은 짐승보다 못한 악마들이네.
미얀마 민주주의 만세!"
292,이러니 위험 요소 제거하러 대한민국의 군부대가  투입되어야 한다하지.
293,미얀마 군바리들의 만행은 끝이. 없구나
294,국민들을 다 죽여가며 군부는 뭘 얻고자 하는걸까
295,"정신병자 아냐?  
인간이 아니구만"
296,인간이 제일 악한 생물인듯
297,저런 짓 하는 놈이 인간이냐. 정말 인간이하네... 동물학대로 꼭 처벌하라
298,짐승만도 못한 사람들이 왜 저리 많은지..왜 저러고 사나요?
299,자기보다 약한 존재를 존중할줄 알아야지 왜저럴까요.......... 더불어 모든 펫샵이 없어졌음 좋겠어요
300,"제발이 아이들구조해주세요
자자손손복받으실꺼예요"
301,"가지가지한다 진짜, 뿌린대로 거둔다는데
얼마나 큰 죄를 지은건지 제발 깨닫기라도하자
법은 법답게 개정 좀 하고"
302,이런말도안되는처참한모습의 개들을 보지않게되는날이오게되길ᆢ무슨천벌을받으려구 인간이 ᆢ
303,"맘이 아프다
인간도 똑같이 처벌 받아야 마땅하는데..
벌금 1억 걸어놔야 저지르지 않은 동물보호법 만들자!!"
304,뿌린대로 거둔다는 말이 있다 부메랑이 되서 돌아온다
305,"말못하는 동물들이 무슨죄!
사람이 죄다"
306,"벌레보다 못한 개농장 주인넘을
깜방 개줄에 묶어 놓기를"
307,생명을 함부로 대하면 안됩니다. 생명입니다. 제발 동물법 강화해주세요제발
308,사람답게 살자
309,생명에 대한 귀함을 전혀 못느끼는 존재들.  이래놓고 내가 살아야 하니 어쩔 수 없다 하지 말아라. 내 생명 귀하면 다른 모든 생명이 다귀한 것 모르냐?
310,한쪽에선 계속 구조하고 중성화시켜서 개체수 줄이려하는데 한쪽에선 계속 번식해서 잡아 먹고 이게 뭐하는 짓인지... 인간답게 삽시다 제발!
311,진짜못된것들이네.그불쌍한강아지들이진짜사람들이기심때문에꼭강력히처벌해주세요
312,"대한민국은 부정부패 없이는 부자가 될 수 없다  
이말이 진리다"
313,"국민의짐 의원이 왠일이랴... 그러다 내부 폭발날텐데.. 
여자 모 의원이 어마무시하게 딸 해먹었던데.. 스트레이트 보니.."
314,"저 미성년자들
부모 이름 밝히고,,, 조사해봐라..."
315,"참으로 대단하다. 가지가지 했네. 했어.
이러고서 나라가 망하지 않았다는 것이 기적일뿐이다. 
칼자루를 쥐니까 눈에 보이는게 없었구나.
국민들 눈, 귀, 입막아놓고 지맘대로 해먹었구나. 
불과 수년사이에 이런일이...이게 대한민국이 맞는거냐고."
316,걍 한국 망했으면ㅎㅎ^^
317,대한민국에 부자가 많다 생각했고 어떻게 해야 저런 부자가 될 만큼 돈을벌까 궁금했는데 반이상은 부정하고 부패한 방법으로 돈을 벌었구나 싶고 착실하게 살면 바보되는구나 절실히 느꼈다.. 이 분노를 어떻게 삭혀야 할까..
318,미성년자는 토주 주택거래 아예 안되는 걸로 법을 바꾸던지
319,"나라 꼬   라지하곤
돈 놓고 돈 먹기도 아니고 땅  놓고 부플려먹기 
전국  대회네 ㅠ"
320,난 저 부모들이야 말로 진짜 기득권 세력들이라고 본다.. 그 기득권 세력들이 어느 정당을 지지할까.. 부동산 투기하면서도 부끄러움이 없는 자들이 과연 문재인 정부를 지지할까..
321,"저런 부정부패를 저지르면 5~10배 환수법 만들어 처벌해야 한다.
대부분의 권력자들이 저럴진데 과연 일반국민들은 어떤 생각을 할까?"
322,생후 84개월 아기는 뭐냐 84일도 아니고..  정상적으로 증여했다면 문제없겠지만 과연 세금을 제대로 냈을까?
323,"월급타면 우직하게 적금내고 계산기 두들겨 가면서 살아봤자, 결국 돈이 돈을 버는세상이구나. 난 내 분수에 맞게 살아야겠다고 생각하지만, 이런 이야기 들으면 자괴감 든다"
324,법을 바꿔서라도 이런 돈 모두 환수하고  쳐넣어야 한다.우선 세무조사부터 해봐라.
325,"힘들어도 버티다 보면 이겨내지더라...
지금 당장에 죽을거 같고 그래도 어떻게든 이겨내지더라...
그러니까 악착같이 살자
살다보면 좋은날도 오고 좋은 사람도 오더라
그러니 죽지말고 살아보자..."
326,"귀한생명 살리셨네요 감사합니다.
아직 부모님들 같은 분들이 계셔서
살아갈수있지 않을까 싶습니다."
327,살다보면 웃는 날 옵니다. 부디 나쁜 선택 말고 살아줬으면..... 언젠가 세상 살만하단 생각이 드는 날이 오기를.
328,국회의원 및 정치인들은 청년들이 희망을 품게끔  정책을 내놔라.  맨날  뉴스에서 서로 못잡아 먹고 사리사욕 챙기고 정말 보는 것만으로  힘빠진다. 괴롭다.내자식들도 더힘들것같다.
329,훌륭하십니다.
330,장하신 일 해내셨 습니다   복 받으실겁니다
331,"힘냈으면 좋겠습니다. 도움 주신 분들도 감사하네요
20대들 자리 잡아야할 시기에 정말 힘들게 보내고 있는데 꼭 지나가고 웃는 날만 가득했으면.."
332,살면 살아집니다  힘내세요
333,"저 여성분이 겪은 고통의 시간의 깊이를 감히 이해할수
없어요  더 아프지않고 살기만을 바랄 뿐입니다.
굳이 힘이 나지 않을땐 힘내지 않아도 돼요
이 힘든 시국에 모두들 잘 견뎌보아요!"
334,"인간은 아무래도 진화를 잘못한거같아
왜 평생을 108번뇌에 시달리며 살아야할까"
335,힘내세요.  걍 살면 살아집니다.
336,"옛날에는 이런 기사보면 죽으려고 하는 사람들이 되게 이해가 안됐고 나약하다고만 생각했는데 요즘은 나도 곧 저럴 것 같아서 이해도 되면서 눈물난다.
술먹고 펑펑 울었다니...나도 어제 펑펑 울다가 잤는데.
가족들은 아무도 모르지만 ..휴 어쩌다 이렇게 되어버렸는지.."
337,좀 만 버텨보자 젊은이
338,가슴 찡...
339,힘내서  그냥살다보면  좋은날   올꺼에요
340,"어떻게든 살아보렴
왜이렇게 힘들게 했는지,,
눈물나고 미안하다."
341,나도 살기싫다...
342,"뭔 이런 악마가 다 있냐?
사형시켜라.  인간도 안다"
343,판사가 살인방조
344,"이런것들은. 중형에. 참해야해요.
제발 엄중한 처벌부탁해요."
345,가해자는 평생  세상과 단절 시켜야 한다~
346,미치겠다  법이  왜 이런지
347,"창원 이정현 판사님
고매하신 판사님께서 5 년뒤  꼭 저놈과  만나보세요
반성했다고 5 년으로 자비를 베푸셨으니
인간이  변했는지 확인해 보세요~"
348,반성문? 무슨반성. 감방간다고 하니까 반성문 쓰는거지. 초범이 저렇게 잔인하게 했는데 선처는 무슨. 왜 피해자는 1도 용서하지 않는데 판사가 맘대로 용서하냐구요.
349,"제발 만우절 기사라고 해줘 

초범이면 한 사람의 인생을 망가뜨려도 된다는 거야?"
350,죄질이 굉장히 나쁘고만 자백하구 반성문 내고 초범이라고 남에 인생을 말아 먹은 넘을 솜방망이 처벌하는 저 판사는 당최 재정신 인건가
351,법관놈들 그놈의 초범 참 좋아해.
352,"와 CV
요새 왜이리 사이코들이 많은거냐?
친부모가 애를 죽이지를않나 안만나준다고 일가족을 몰살시키질않나 지가 낳은애 한여름에 굶겨죽이질않나..세상이 미쳐돌아가네...
도대체 어디서부터 잘못된거지?"
353,"이건 살인보다 더 큰 범죄다.
형량이 너무 낮다.
무기징역 기대합니다."
354,"정말 
미친 xx인데 
5년이라니 
이게 말이나 됩니까
짐승한테도 못할짓을 친구라는 개 ××가 저질렀다...
법원은 있으나 마나"
355,"저게 5년 이라고
50년을 해야 하는거 아냐"
356,얼마나취했으면 ...손가락잘린줄도 모르지?아프지도않았나?아파서술이 확 깰것같은데..한심하다  술이랑손가락을바꿔서 장애인돼고
357,술은 모든일을 망치게하는 주범이다 적당히!!!!
358,아무리 만취했어도 손가락이 절단됬는데 그걸 모른다고? 집은 어떻게 찾아갔냐
359,레전드네 ㅋㅋㅋ
360,이제 다신 그렇게 술마시지마요..
361,기가차서 말이 안나온다....도대체 얼마나 퍼마셨으면 손가락이 잘린지도 모르고 40분을 걸었단 말이냐. 그나마 나머지 사지 멀쩡한거에 감사하며 다시는 술 마시지 마세여
362,얼마나 술이취했으면 자기손가락이잘려나가도 모를까
363,"절단 되면 바로 신호 오는거 아님?

술에 취했다지만 

어떻게 40 분 후에야 그 신호를 받음?

희한하네..."
364,참 한심하고 어이없어서  집에서 술  처드세요
365,"고통을 느끼지 못할 정도의 ""마취""상태였네."
366,"속상하네요
그놈의 술이 
어유 
몸조리 잘하시고
쾌유를 기원합니다 
경찰관님들
고생하셨습니다 
애쓰셨습니다 
감사드립니다"
367,적당히 마시지 얼마나 마셨길레 손가락 잘린줄도 모를까? 이해가 안된다.
368,술이 얼마나 취하면 손가락 절단된걸모르나요..? 술먹고 자빠졌을때 무릎까진걸로도 겁나아팟엇는데..
369,미쳤나벼 감각이 없나...
370,"우리나라에서 진행된 소송건은 어찌 되었는가?
소리 소문 없이 사라진겨?"
371,봤냐? 한명이 이리 무서운거다
372,맨앞에 나라 입력한하니. 기자야.
373,"🇻🇳  관심없다~~~~
🇲🇲  미얀마 국민들 화이팅 하세여~~ 응원합니다!!!"
374,껌찰총장하나가 대한민국을 쑥대밭으로  만드는구나
375,"한국에서도 베트남 것들 셋이 격리수칙 어기고 나갔다가 걸려서 발칵 뒤집혔었지.
진심 국민성 개똥이네."
376,일본이 위험한지대여
377,일본에서 옮아온거네
378,베트콩   안물 안궁
379,강남 모녀  구상권 소송 건  궁굼 하군요   ?
380,"빤스 교주 전광훈 무죄
새누리 교주 이만희 무죄

베트남이 괜찮은 나라군
미래가 있어"
381,항공사 승무원씩이나 되는 자가 자가격리를 왜 하는지 모르는 모양이네.
382,"이걸우리가  왜 알아야 되는데?  
기사는 써야 겠고
어휴.  진상들"
383,인간의 존엄성 과 생명의 귀중함을 모르는 인간이 무슨  서울 시장 하겠다고
384,"""존재 자체도 몰랐다"" (9일)
""현장에 안 갔다"" (26일)
""그게 중요한게 아니다.""(28일)
""내 마음에 없었다"" (29일)
""의식에 없었다"" (어제)
""그게 그렇게 큰죄냐""(오늘)"
385,"그래도 오세훈이 투표하는 인간들은
시장되면 재개발 재건축 밀어붙이면서 용산과 똑같이 때려죽이겠다는 건데 당해봐야 정신들을 차릴런가"
386,"10년 전 상태에 멈춰있는

오생태

세상 어떻게 변한 줄 모르고"
387,"서울 개 돼지들이 뽑아줄거다

이명박도 뽑고 박그네도 뽑은 개돼지들은

수십억 땅에도 수십억 아파트와 건물에도 하나도 분노하지 않거던"
388,"""용산만?
내곡동 땅 셀프보상 여당만 주장하면 그럴수도 있겠다! 왜 정치판이라

찾으면 언론뉴스 증거가 넘 많은데! 왜 숨기려는 것일까?

거기다
2010지방선거-서울시가 국토부에 요청한 공문을…서울시장직인까지 있는 서울시 공문까지 있는데

10년전 법정소송에 언론사 고소고발까지한 자가…기억 탓?을 한다

재판내용 결과 기래기한테 찾어볼수 없다? 왜지?

""오세훈처의 부동산50억 특혜""문건폭로,""서울시개입 안했다는 완전거짓""공문포함

출처-t.ly/0X94

""오세훈 처가땅 그린벨트해제 제안 SH공사가했다""

출처-t.ly/Tigb"
389,드디어...... 오세훈의 본색이 밝혀졌다..... 지지율 좀 오른다고.....  국민 죽여 놓고....  돌아가신 분들 대놓고 너희 잘못이다 하고 하니...... 인간이 아닌 짐승임이 드러난 것이다. //// 솔찍 민주당의 오만함도 싫지만...... 오세훈은 이명박 + 전두환의 후신이다. 용서가 안된다.
390,"지금 미얀마사태도 그렇게 바라 볼꺼냐?
진짜 재들은 안바뀐다니깐..."
391,"서울시민분들 정신차립시다. 저쪽 지지율이 더 높댑니다. 저쪽이 어떤당인지 벌써 다 까먹었습니까?
주변인들 독려해 사전선거 꼭 데려갑시다."
392,저걸 굳이 지 입으로 저렇게 말하면 뭐가 좋은거지? 못된놈이 멍청하기까지 하네.
393,"머리만 있으면 뭐하냐, 마음이 따뜻해야지,,, 저런게 시장되려고하니,참,,,,,,,,,,,,,,,,,,,,,,,,"
394,"아무리 보기 좋게 포장을 한들...본질은 바뀌지 않는 법.
스스로 몰락의 길로 가는구나..."
395,산발적 비리자. 감옥이 가까워 보입니다. 가족 전부요.
396,"박형준 어처구니 없는건 당신이다
자신 집도 없이 산다는분의 자산이 100억이 넘는다며???
다른 말로 물타기하지말고
검증이나 제대로하자"
397,"선택적 기억자~~ㅋㅋ
엘시티나 사찰은 기억이 안나나
다른건 기억이 잘나는 특이한 놈 ㅋ"
398,"민주당 헛발질은 잘못한 거지만 그런다고 당신의 비리가 사라지는 게 아니에요... 사찰을 승인한 게 없어지는 것도 아니고 엘시티 의혹이 풀리는 것도 아니고....

MB 나쁜 점만 고대로 배운 오세훈 박형준.... 시장 후보로 나오는 뻔뻔함은 배울만 하네요."
399,메인걸리는게 죄다 저것들 변명
400,참 부끄럽다. 너같은 놈이 제1야당의 후보라니. 어찌 두 놈 다 그러냐
401,"MB도 박형준 한테 한수 접어야 할판
그동안 MB 아바타라고 놀렸던 것 사과한다.
부동산 업계의 일대종사라 불려도 손색없는분
그래도 불법을 한만큼 죄값을 치러야지"
402,이사람은 시장이된다해도 다시재보궐선거 치를것같다~~
403,"오세훈이 어떻다고요? 박형준이 어떻다고요?
쌔빨간 거짓말 입니다. 여러분.
그들은 그러한 쌂을 살아오지 않았습니다.
그건 마 ~ 제가 정직하게 보증합니다.
등록금 마련하느라 허리가 휘었다... 임차평균 24만원이다... 측량장소에 내가 있었다는 게 본질이 아니다...
나는 서울에 집이 없다... 우리 아이도 집이 없다... 조국은 청년층에게 박탈감을 줬다...
국짐당의 비리는 당연한 욕망이고 그 수준에 미치지 못하는 민주당의 비리는 위선이라는 이중잣대로 보궐과 대선 국짐당 압승 밀어주씨면 마 언론+검찰+싸법부+사학+국짐 가즈~아."
404,"앤 mb보다 더 복잡해,,,,,,,"
405,"정권심판에 MB수하??
형준아 미안한데
박양은 뭘했지!!?명박이는??
심판??전두환때부터 있어온 비리가
이제 터진거뿐이야 LH비리는 그때부터 있다가
이제 드러난거야

네 양딸은 어떤 소득으로 20대에
그 집을 샀지!?증빙해"
406,"이런놈 입에서 정의 라는 단어가 나오고
뻔뻔하다 명바기처럼"
407,"이렇게 문제가 많은 후보를 본적이 없다
국힘당은 그렇게 인물이 없나?
참mb스럽네..."
408,뻔뻔하기가.. 인간인지싶다..
409,이건 우연히 기억이 나나봐 ? ㅋㅋㅋㅋ
410,"지나가던 30대 여성은 뉴스를 안봤나보네.
부산지역에 특혜 안 누린게 도대체 어디냐
드러난 것만
앨시티 두 채 특혜
조형물 납품 특혜
해운대 금싸라기땅 특혜
등기 등록 안한 건물
자녀 입학 청탁
특혜 아닌 걸 찾는게 빠를 듯..."
411,중앙일보는 언론을 병들게하는 바이러스다
412,"어떡하든지 현정권을 까내리고,불안감을 조성할려고 하는 중앙이 싫다.  그럴 시간 있으면  독도검정교과서 승인 통과시킨 일본 까는 기사나 내라  이 망할놈의  요미우리 서울지사 신문아~~"
413,중앙은 역시나 🐕 죠. ^^
414,"중앙 기레기야............... 인도가 인국가 몇억이냐??.......... 지금 세계 3위 감염국이다!

그나라에서 생산된 백신이.... 국경을 넘어서 나올수 있다고 생각하니???..... 정말 중앙일보엔 멍청이들만 있나보네??"
415,망해라 망해라 고사를 지내는 구만. 불쌍하다!!!
416,"6월초에 백신 쏟아진다
노바백스 한댤에 천만개 만들고
결국 스케줄대로 간다"
417,"중국 텐센트 돈 천억 받아 쳐먹고
설중화 같은  북한남파 간첩이 한국 민주주의 해줬다는
북조선의 형제 중국표 드라마나 만드는 jtbc의 본산 빨갱이 중앙일보

돈 천억에 넘어가 중국몽의 실현에 앞장서서 
한국 민주주의 훼손하고 중국 공산당 찬양하는 드라마나 만드는 중앙일보

중앙일보 사주의 아버지는 이승만때 4.19 의거로 부정선거 항의하는
어린 항생들의 가슴에 총을 쏘라고 발포 명령했던 바로 그 인간

토착왜구 짓으로 돈 벌더니
이젠 중국 공산당 편들어 동북공정에 협조하는
짐승만도 못한 매국노들이 모인 중앙일보는 반드시 몰아내자"
418,"80여 년
왜구잡종
강점용
안보, 지역, 이념, 의혹팔이와
사이비와 토왜 주장과 소원대로라면

1억 번
경제 폭망했고
전쟁 낫고
빨갱이 나라 됐고
온 국민이 역병 걸려 죽어야 했다
쓰레기들....."
419,그럼 만들지를 마
420,이 정도로 몸에 해로우면 제조/판매/유통금지 시켜야지...
421,"먹어란 말인냐 
먹지 말란 거냐.

특히 아이들이
좋아하는건데.

그리 심각하다면
판매하면 안되지

기레기들 기사보다
식품회사를 믿는다..."
422,독일 사람들도 오래 살던데말야...뭐냐...
423,"미국,호주사람은 전멸했겠네????"
424,작작해라
425,식당하는소상공인입니다 반찬으로햄반찬줄줄이햄볶을때는 뜨거운물에 살짝담가놨다가헹궈서봌아요그럼괞찮아요  근데삶아낸물을보면 정말손님들주기싫어요
426,미국이랑 독일 사람은 다 죽은겨??
427,독일을비롯해 유럽각국은 어째??다죽었게??똥기자야~~!!!!
428,국민학교 때 울 엄마는 나 죽으라고 비엔나 소세지 볶아서 케찹 뿌려서 도시락 싸준건가
429,가공육을 좀 건강한 재료로 만들면 안되나...
430,"입만 열면 구라네
진짜 토착왜구네

이러면서 감성팔이에  선전선동이니
이래서 좌파들이 문제야"
431,애쓴다
432,데일리안 = 국민의힘 ㅋㅋㅋ
433,추미애 도움연설하면 오세훈 더 좋아질낀데...
434,"박영선은 도쿄아파트 이야기만 나오면 이먕박정부때 남편이 탄압받아서 
일본으로 갔다고 했는데 그때부터 참으로 어이없는 거짓말이라고 느꼈었다"
435,"남탓은 이 정당의 정훈인가
그냥 무조건 전정권탓"
436,"기르에기 양반..
전직 대통령도 죽음으로 모는 정권이었는데..이명박때문에 옮겼다고 말하면 저 사람이 잘 살 수 있었을까?
좀 생각을 하고 기사를 씁시다!!"
437,"자택은 도쿄.. 신랑은 미국인...애들도 미국인... 지지 호소 세력은  조선족....

이 아주머니  뭐지...."
438,탄압으로 여론몰이를 하는거 보니 급하기는 했나보다.
439,"박영선이는 선거법 위반으로 고발되어야 하는거 아니야?
한국에서 일을 못해서 일본으로 간게 아니라
한국에서 일할수 있는 해외로펌에 들어가려고 동경지사를 선택했고
임대료 지원되는데도 불구하고 동경에 집사고
활동은 한국에서 하면서 일본집 유지해서 일본에 세금 잘 냈다는 거잖아
이게 친일파고 토착왜구지 
일본을 극도로 싫어하면 비행기 시간 조금 더 걸려고 홍콩을 택했을건데
굳이 일본 동경을 택한 이유가 뭘까?
회사에서 주는 임대료로 살면될걸 일본이 싫다면서
굳이 일본에 집을 사서 일본 정부에 꼬박꼬박 세금을 낸 이유가 뭘까?
답은 위선자"
440,"기레기... 진짜 문제다... 국민이 사실을 다 아는데... 쉴드 그만쳐라.. 
언론개혁되면 없어질 찌라지다..."
441,토착왜구를 딴데서 찾지말라.  더불당 박후보와 그의 남편이 바로 악질 토착왜구다
442,탄압때문이었으면 정치시작하셨을때라도 일본집 팔지 그러쎴어요
443,"박영선 남편 이 mb대문에 일본 간다구 해면 
기레기내놈들 이 제대로 기사 쓰겠냐 ??"
444,"탄압?ㅋㅋㅋ
요즘세상에  탄압이 가능하고
탄압받고 가만있을 넘들이냐,,ㅋㅋ"
445,좌파들의 거짓말
446,"박영선의 남편인 이원조는 대한민국에서 활동하는 미국 변호사로, 2019년 청문회를 앞두고 43억 원의 재산을 신고했다. 종합소득세 2천400여만원을 인사청문요청안 제출 하루 전인 2019년 3월 12일 납부해 논란이 됐다.
얍삽한 대한 미국 니뽕인."
447,언제는 실거주 목적이라더니......임대했다며?   그리고 구로 주민인척하더니 연희동주민이시고......다음에 서울 시장떨어지면 서대문서 나와라 구로와서 깝죽대지말고....
448,데일리안이 진짜 언론답다  우짜든지 사실확인해야지  오세훈 박형준은  확인할필요없구 네거티브로 돌리면되는거구  맞지?
449,아 정말 잔인하다.왜 세상은 이래야 하는는지
450,"대한민국도 안전지대가 무너지기 전에 국민들이 생각을 넓혀야 합니다

내 자녀는 아니겠지 내 남편은 아니겠지 내 아내는 아니겠지 하는 생각을 다시 한번 점검해서 다음세대 에게 건강한 나라를 물려 줍시다"
451,"지구 곳곳에서 

인종차별을 비롯 ,

""인간성말살 시대"" 가 

시작되고 있다 

ㅠ
ㅠ
ㅠ"
452,인간의 탈을 쓴 악마들이 넘 많다ㅡ.
453,불법 ㅋㅋ 오지 말라고 ㅋ
454,아무것도 모르는 저 어린것들을 저렇게 높은곳에서 ㅠㅠ 눈물나네 진짜 돈만생각하는 버러지들은 다 사라졌으면
455,인간이 아니구나.
456,투표를 잘 해야 이런 일을 막을 수 있습니다.   돈 있고 명예있는 자들보다 정직한 사람들이 필요합니다.
457,미국이란 나라 있어 그나마 다행입니다.
458,브로커들은 완전 인간 쓰레기들이구만
459,"전세계인간들은 돈에 눈이 멀어서 살아가고있다
욕심이 많은 인간"
460,어휴... 저 어린것들이 무슨 잘못이라고 저렇게 집어던지냐.. ㅠㅠ 줄로 매달아서 내려주기라도 하지...
461,이걸보고투표를잘해야한다..정신바짝.나라가무너지는건한순간
462,"인간은 간사하고 나약하고 이기적인 동물..
삶은 고통..태어나지 않는게 가장 큰 행복.."
463,인간이 제일 잔인하다
464,종업원한테충분한보상해야할듯!
465,이게 뭐라고 감동스럽냐 엉엉
466,큰 복받을겁니다.
467,"아 씨 기레기들아, 제목에 나라 이름 좀 쓰라고.
그게 그렇게 어려워?
뭐 기레기 니들이게는 세계는 하나 뭐 그런 거냐?
글쓰기 기본, 육하원칙도 안 배웠냐?
이 근본 없고 무식한 것들아."
468,저도 아기때 사탕먹다 걸려서 숨넘어가는걸 옆집아주머니가 뒤집어서 등두드리니 사탕튀어나오고 살았다더라구요 여튼 저분의 기지로 아이가 살수있었네요ㅠㅠ
469,몸이 작은 애들은 저렇게 땅을 보게 하고들어서 등을 두드리면 됩니다
470,저 직원분 배운 분.
471,오새훈이 광고좀 안보이게 해주라 쫌!!!
472,어떤 직업이든 위기상황에 대처할수 있는 메뉴얼과 비상상황을 염두해 두고 훈련과 교육을 충분히 시킬 필요가 있음
473,진짜  생명의 은인이네
474,저 부모는 얼마나 하늘이 노랗게 보였을까~ 참 다행이네~
475,세상에 얼마나 놀라셨을까요. 고기처럼 부드러운건 진짜 안나오더라구요.  울 둘때도 족발 먹다 목에 걸렸는데 하임리히를 아무리해도 안나와서 정말 죽는 줄 알았어요.  한참후에 나오긴했지만 생각보다 진짜 오랜시간 안나오더라구요.  그래도 나왔으니 얼마나 다행인가요.
476,"심폐소생술이나 이런 응급처치법은
학교에서부터 가르쳐야한다고 봄
아이가 무사해서 다행입니다~"
477,하인리히법을  배워야  합니다  ㅠㅠ
478,식당직원한테는 고맙다는 말도 안하냐?
479,아가 천천히  꼭꼭 씹어 먹어라  큰일날뻔 했잖니
480,경찰이 압수한걸ㅋㅋㅋㅋ언론은 검찰이 수사해서압수한건지 알겠네
481,검찰자산운용... 검찰투자자문회사 차려라 ㅋㅋ 검찰펀드 .. 수익률 최고네
482,음란영상이면 피해자가 있을텐데 피해자에게 줘야하는거 아냐?
483,‼️몹쓸인간 ~~ 빽바지생태오세후니 ~!!
484,골고루 웃기고있네ㅋㅋㅋ
485,"검찰이
봐주기 수사로 국고.손실 입힌것이 헐신 많다
법조 기레기들 빨아주다고 이빨 남아 있나"
486,"이런 기사가 바로 메인에 뜨는 알고리즘 원리가
대체 뭘까????"
487,"분할매도로 수익율까지 챙겼으면 국민연금보다 훨씬 잘 운용한듯.....
차라리 그분이 국민연금 운용하면 안될까????"
488,네이버  다음  망할것 같아요 ㅠ
489,베리 나이스.
490,소주는 건들지말자
491,"세금이 올랐으니
다 오르겄지~~~~~"
492,대기업만 먹고사는 세상~~
493,본인들이 더 많이 올리면서ㅋㅋ
494,"응원합니다 지금 같은 시국에 가격을 인상하는 물품은 전품목 자영 업자들이 뭉쳐서 구매 판매 를 중지 해야합니다. 우리 민족은 어려울때 더 똘똘 뭉치는 민족이지 어려울때 득을 취하던 민족이 아닙니다.
자영업자들이여 똘똘 뭉칩시다."
495,"100원올리면 술집에서는 1000원 올리는데,,,,"
496,말도안되는 여론조사에 속은 대기업ㅋㅋ
497,카스보다는 테라가....맛과 상쾌함이 좋아...
498,카스공장 헐고 아파트짓자
499,"애기들한테도 벌써부터
좌익 물들이하는겨
대단한  더블어 만져 터진당이구먼
몹쓸 인간들~"
500,명백한 선거법위반이다. 위반을 밥먹듯이 하는 민주당. 이건은 강력한 선거법위반 처벌을 하여야한다
501,"민주당이것들은 선거법위반 
밥먹드시해대는구나"
502,일본 아줌마는 도쿄 시장 선거 나가지 왜 서울 시장으로 나오지?
503,"미성년자가 선거운동을 하다니...
법대로 처리해야 마땅하다."
504,댁들이 하는건 실수이고 남들이 하는건 적폐이지요.
505,어찌고2학년을선거유세??
506,선거법 위반으로 끝아닌가?ㅋㅋ
507,영선이가 최악이다
508,서툴다 서툴어~~
509,각보대로 했는가보다.고등학생까지 끌어들이고..자알들 한다..
510,"참으로  기가 막히네요.  아무리 시궁창같은 정치바닥이지만 아직 가치관이 정립되지않은 고등학생을 이용해 선동정치를 하다니..... 당신네들은 거짓 선전, 선동이 주특기지만 이건 아니지 싶네요... 역시 많은 국민들이 왜 그대들을 버렸는지 알겠네요."
511,집권당이 법을 우습게 여기는것은 어제 오늘  일이 아니지만 이런당이 재집권을 외친다니 국민들을 언제까지 우롱 할건가 기가차다
512,"발악을 하는구나...
정말 추하다!!"
513,"이것들은 툭하면 불법이야
더듬당에서 위법당으로 바꿔라
아무리급해도 그렇치 미성년자를. . 
니네는 완전 끝이야
대한민국에서추방"
514,왜 메인인데 댓글이 없누~ 민주당 댓글팀들 회의하나?
515,"정말 했구나. 나는 문빠입니다 라고 입이 닳도록 떠들어 대다가,이제는 유니폼에서 문빠도 빼고 민주당이라는 당명도 빼고, 미성년자를 선거에 동원하고 갈수록 악수만 두는 너희들의 정체성은 무엇이라니?"
516,"재난지원금, 지하철 요금 할인 가지고도 안되니 미성년자 그것도 고교 2학년을 꼬드겨 선거 연설원으로 ....발악을 하는구나 ? 성폭력당 민주당 ! 이번 선거는 왜 하는 거냐?"
517,신상공개해라제발좀 ...걍말하는것도질린다
518,"손목아지 발목아지 다잘라버리고싶다 ㅠ 자식잃은 부모심정은 얼마나 화나고 슬프고 억울할까 ..,진짜 이런건법이제발강화되서 사형에처해주세요 어린아기들은 죄가없어요 ..에휴  아기들이계속 죽으니 자식가진부모로써 참 가슴이아파요...."
519,저 인간 가슴에 코끼리 다리를 올려줘라~~~!!
520,"아이들은 죽어나가는데 판사들은 처벌이 가볍고
저들은 또 범죄를지르겟지
얼마나더 희생해야되는가"
521,저런인간은옛날형벌처럼능지처참이답이다!!어찌어린애기를~~나쁜사람
522,아기들은 정말 멀쩡해보여도 정말 조심해야해요.순두부처럼 약하고 여리여리한 몸이라서 ... 행동하나하나에 신경써줘야해요. 교사 자격증 박탈해라!
523,전국민이 저원장눕혀놓고 한번씩 밟을수있는 기회를 줘라
524,"미쳤다 진짜
왜들 그러는 거야 대체
어린이집에서 죽은 애가 벌써 몇이야
엄벌에 처해주세요"
525,"아가들 가지고 저런사람들 뇌를 한번 파보고싶다
무슨생각을 가지고있는지"
526,남의 귀한집 자식을 ㅠ
527,"이런인간이원장이야얼굴공개하고
어린이집문닫아라"
528,"대한민국 판사가  얘들죽이는거다
니들이 엄하게 처벌만해도 저런일은 생기지않는다
강력한엄벌해밧자 사람죽여도 꼴랑 5년처벌하는
거지같은 판사들아
니들이 죽이는거야"
529,"어이구가슴무너진다
여린아이재우려고
발로눌렀구나
진상조사철저히하여
엄하게다스리세요"
530,"저런것도 인간이라고ㆍㆍㆍ
갈기갈기 ㅉ ㅈ 버리고 싶다"
531,백신 가지고 정치화하지 맙시다. 저분들 누구보다 고생하시는거 다 아시잖아요.
532,지긋지긋하게 물고 늘어지네
533,"제발...다음아..샤벽부처 조즁동 보게하지 마라!!!
네이버보다 더 하네...
네아버로 이사가야겠규먼..."
534,이분 건들지마라!!¡!!!!!
535,"대통령, 질병본부장이 먼저 맞았으면  새치기했다는 멍멍소리했을 기레기?가 무슨 소리고??? 지금 확산세가 정부가 잘못해서 그런기가????? 직장내 감염 그럴수있다고 치자. 유흥주점 에서 감염된 건 우째 설명할래?? 까는건 좋다만  무조건 까지는 마라. 퉷"
536,"국짐들아!
넘지 말아야 할 선이 있다..
시작부터 끝까지 네가티브로 망하길 바라는 니들이 네가티브 어쩌고 할 일이냐? ㅉㅉ"
537,조중동은 역시 쓰레기 언론 인증
538,이런 쓰레기신문. 중아밀보 다니는 것들은 백신 놔주지마라. 다  코로나걸려 뒤져야 한다~
539,이게 신문 인가?
540,"고사를 지내라 고사를
나라 망하라고 난리를 치네
나라 망하면 너네는 괞찮냐?"
541,"왜 이렇게 방역에 태클을 걸지?
도대체 적폐세력은 인간인가, 버러지인가?"
542,"내가 그 이유를 말해 줄게.
국짐당과 조중동은 계속 Az맞으면 죽을 수 있다는 식으로 허위사실을 퍼뜨렸고, 극우  태극기부대 유튜버들은 유튜브방송으로 1만명 가까이 태극노인들 모아놓고 Az백신 맞지 말아야 한다고 의기투합하고 있었지.

국짐당을 지지하는 태극기부대 대부분은 대구 경북이야. 우리가 선거에서 국짐당 찍는건 전광훈 찍는거나 다름없는거지.

난 차라리 더 잘됐다고 생각해. 어차피 경상도만 선택적으로 화이자 놔주진 않아.  그렇게 접종거부 그냥하시고 국짐장 시장 만나 광화문집회들 열심히 하길 바래. 

정부는 Az만 놔라!"
543,"국짐당과 조중동의 불안감 조성이
보수 태극기 꼰대들의 감성을
자극해서 바보로 만들어 놨지.."
544,세계최악의  언론사 대한민국  ...
545,"찌라시 애쓴다
문통이  왜 먼저 맞냐고 무슨 특혜라도 누리는양  어거지를 쓰더니 이제는 늦게 맞았다고 난리.
억지를 부려도 분수가 있어라"
546,접종율 역주행..... 별 희한한 단어와 분석이 다 있네. 79 —⟩ 76 역주행... 그럼 65프로 쯤으로 떨어지면 방역실패? 반대로 다음 주에 80프로 나오면 정주행으로 대성공이라고 할 건가?  바보인 듯
547,"이제는 넌덜머리가 난다.
대한민국의 악의 축 조중동 당장 폐간시켜라."
548,아직 시작도 안되었는데 불안조성하는  중앙 어떻게 국민에게 희망을 주고 대안을 미리생각하는  언론은 힘든거냐?  언론이 비판은 하겟지만 우파정권일때는 명박 근혜의 폐단은 해외에서 시민단체에서 먼저제시해도 대변하고 호도해서 좋아졌는냐... 좋은 언론은 못대도 나쁜언론은 국민에겐 적보다 더 무서운 폐단을 이룬다...
549,"제목봐라 역시 종양일보 
너희들의 농간은 언제 끝이날까?
백신을 우리나라에서 생산한다는 기사는 어디갔나?"
550,"엊그제만 해도 백신 후유증으로 시민들 불안하게 만들더만 이제  백신 못온다니까 또 수급못한다고 
기사냐? 정말 지긋지긋한 적폐 기레기들. 끔찍하다."
551,"백신접종률 가장 높은 이스라엘 오늘 확진자 500명 나왔던데
인구 800만이다. 
우리 천만도시 서울에서 150명 나왔다고 난리나는 나라다. 
백신 안오는게 무슨 최악이라는거냐
오히려 백신 맞고 까불고 다니다가 확진자 더 늘어날까 그걸 걱정해야 할정도로 
우리는 백신없이 잘 관리되고 있는 나라다"
552,"백신 가지고 또 시작이냐 기레기야~
AZ백신생산 국내에서 생산하는걸 모르고 똥볼 차는거냐 ㅋㅋ
기레기야~능력없으면 딴일 알아봐 ㅋㅋ
언론 국민들한테 극협 만들쥐 말고 ㅋㅋ"
553,언론 개혁이 심각하네.
554,'다음' 은  정치검사 윤장군을 우상화하는 작업에 협조해선  않된다ㆍ 지속적으로 조중동  등 찌라시 언론들의  김정은 우상화하듯이 윤장군을 우상화하는 기사를 지속적으로 포스팅해선 않된다ㆍ다음은 역사를 왜곡하는 작업을 중단하라ㆍ
555,"일단 사망사고는 안타깝지만 우리가   그분이 윤석렬씨 친구인걸 알아야하나? 
기자님 자극적인 기사로 주목받고 싶은건 알겠지만  윤석렬씨가 뭐 그리 대단하다고 그분 친구 사망기사  관심 없습니다."
556,"기자야 기자야 윤  친구도 기사  거리냐?
아무리 띄워주고 싶어도 넘 과한 아부다
자존심도 없는  쓰레기들은 되지 맙시다"
557,"윤짜장 노출할라고 윤짜장 친구 죽은것도 기사화거리냐?
이걸 왜 국민이 알아야하는데~~
기레기놈아~~"
558,다음이 이상해 졌어요
559,"윤석렬친구는 죽으면 다 윤석렬친구로 기사쓸거냐?
참 기레기들 어지간이해라..똥구녕헐겠다"
560,"이게  기사인가?
윤석열이  죽은것도  아닌데
그냥  김 모씨  사망이지
윤석열  이름을  그렇게  기사에  올리고 싶으면  윤석렬장모    윤석렬 아내     이런거  기사에  써라요"
561,"와 진짜 할짓없네
윤석열 친구를 알아야되나"
562,"장모가 죽은거도아니고
개똥이나 김아모개가 죽은게 기사거리냐?"
563,"웃음 뿐이다.
윤석열 친구는 특별한 사람이냐?
멀리가도 너무 멀리간다."
564,"오세훈 내곡동 거짓말이나 기사좀 써봐요.
윤석열 친구가 죽은걸 우리가 왜 알아야하지?
이런것들이 기자인가? 이런게 기사인가?
와~  진심으로 역겹다!"
565,"난리났네 난리났어...

반도체 없다고 난리인데 더 심각해졌네...

삼전 주가 팍팍 오르겠구나"
566,삼성전자 가즈아
567,이거 왠지 일본 세작들이  배아파서 한것같은데 울나라 반도체 회사들 경비 강화해야겠내
568,삼성전자 반사 이익이네 ㅋ
569,무슨 반도체 회사가 저리 허접하냐.
570,호재인가요?
571,삼전가즈아~9층 구해주세요ㅋㅋ
572,화재사진 좀 올리면서 글써라.
573,"가지가지한다 정말
물 잘 나오고 정전없고 불 잘 안나는 나라 대한민국"
574,만우절인가..
575,그 방화가 혹시 본토중국 프락치에 의한 것이 아닌지 살펴볼일이다.
576,"이쯤 되면 누가 일부러 불내는거 같다..
ㅎ 말도안되는 우연이 계속 겹치네"
577,전기차타고  대견사까지 올라가면   등산안해도  꽃구경  할수있습니다
578,와우
579,자연보존이 잘 되있어 감사합니다
580,아~~~가보고 싶다!
581,좀 언론들 자제합시다
582,엄청난 진달래꽃이 만발했네요. 장관입니다 너무 아름다워요.
583,사람들  또   엄청몰려  가겠구만
584,진달래 꽃도 아름답지만 고지도와 역사 등 글이 아주 잘 썻다는 느낌....
585,절터가 아담하면서 멋스럽네요. 코로나 끝나면 한번 가보고싶군요.
586,참 멋진 곳이네요. 가보고 싶네유~~
587,"꽃은  향기와  풍경이 있는
또 하나의 마음속을
울리는 감동 꽃은
언제나 봐도 참 아름답습니다^^
진달래꽃은 멋있는거 
같습니다.^^"
588,"기자분 마삼 무학산이 아니고예
창원 천주산 입니다"
589,"1,000m 고지 참꽃이라 제일 이쁘겠네요"
590,"낚시던 해루질이던 한해 잡을수 있는 1인당 마릿수 정하고 채취한거 신고해서 카운팅 하게 해야함.
적당히 자기 먹을만큼만 잡지 무슨 장사할 수준으로 잡아대니 ㅉㅉ"
591,"ㅋㅋㅋ경찰이 못잡는거임
불법도구들고 야간 해루질하다 경찰와서 나오라고하면
도구 바다에 던지고 나오니까 불법아닌것처럼 보이지
야간에 하기땜에 뭘로하는지 안보여
그래서 차에서 내리고 해루질하러 들어가는것부터 찍어서 잡아넣어야됨"
592,"이제는 해루질 허가제를 하여 구역을 정하고
스쿠버들이 활동할 수 있는 구역도 정해야 할 것임."
593,동호회가 뭐냐 작작 좀 하자.
594,"해루질 할려고 다이버를 하나?
어휴 천박하기 그지없네."
595,"니들은 체험이지?
해녀.해남은 직장이거든!"
596,바다 국민들것인데 어촌보면 자기바다인줄 알고있음
597,둑도?  들이 많지요 어민들 건드리지 맙시다
598,그냥 다이빙만 해 왜 잡고 난리여?
599,지금 우리나라 바다는 다 어촌계꺼임.. 이거부터 바뀌어야 함...
600,"희룡이는 대선준비하느라
신경도 안써요 
주민들 생업따위는 아웃오브안중"
601,"바다에서 레저 한다는 동호회(바다 오염 주범 씨말기 잘함), 자전거 동호히(찻길 다 막음, 치고 가라는 마인드), 스포츠카 동호회(시끄럽게 도로 무법천지), 오토바이 동호회(똥폼 오지게 잡고 찻길 다 막음), 축구동호회(술판 벌이고 고기 파티, 쓰레기는 니들이 치워라), 등산 동호회(불륜과 쓰레기 천지 산림 훼손) 등 동호회 도움이 안된다."
602,농민에겐 땅이 터전이고 어부에겐 바다가 터전이다.
603,"댓글보니 잘 모르는 사람 많네
정리해줄게
1.허용된 도구를 사용하여 허용된 수산물을 잡는 것은 불법이 아님
2.판매를 위해선 맨손어업 신고를 해야 함-이게 도내300여명
3.야간에, 불법 도구를 쓰거나, 뿔소라, 해삼, 전복같은 채취금지 수산물을 잡아서 문제임
4.스킨스쿠버는 스킨다이빙+스쿠버다이빙을 합친 말인데, 스킨 다이빙으로 잡는것은 불법이 아님. 
스쿠버 장비를 착용하고 잡는것은 불법. 수중해루질은 스킨다이빙의 일종임."
604,"다이버가 하는건 해루질이 아니다. 
다이버가 하는건 머구리가 하는것 처럼 생업을 위협하는거지 불법 채취로 본다.
머리질은 얕은 바다에서 맨손으로 조개 줍고 하는것이지 저건 무조건 불법으로 처리해야 함"
605,취미로 즐기고싶으면 쓰레기체취나 해라
606,"저건 해루질이 아니고 스킨수쿠버다  잠수해서 잡는게 무슨 해루질이냐
해루질은 물빠진 바닷가에서 소라,고동,게,낙지 등을 잡는거다"
607,"환수해라.
국민세금이 잘못 쓰인건 당연히 환수해야지...
돈 없다면 땅으로라도 받아내라. 
파묘를 하더라도."
608,"꾸린내가 광양시를 덮었구나...
얼른 정화해랏!!!!!!!!!!!"
609,"놀랄것도 없다. 원래 저렇게 해쳐먹을라고 정치하는거자나. 이명박도 그랬고.. 해쳐먹을수도 있고 권력에 명예를주니 정치질하려는거다 봉사하고 희생하는 자리라면 누가 하겠냐?
토착왜구당 보다 더불어 더듬당이 나아보이냐? 정치하는것들을 인간으로 볼거없다. 쓰레기로 보되 잘 감시해서 우리에게 유익한 방향으로 써먹으면된다."
610,이런 돼먹지 못한것....
611,"다 해쳐. 먹네
이것도 니편이지?"
612,"이제ᆢ
문재인정부와지자체에
대해
국민은
절규를지나
절망한다
국가적
재앙수준입니다"
613,"대단하다

공직자들 전수 조사해라

물론

국개의원 도의원 시의원 군의원도 함께"
614,헐~~~ 광양시민들은 대체 뭐하고있데...세금이 저런곳에 쓰이는데
615,이런자 부끄러움도 모르는 데다 시민을 봉으로 생각하는 놈.
616,"뽑아준 죄값이네
그러니 당보고 찍지말고 사람보고 찍어야제"
617,시민혈세가지고 지 주머니 쌈지돈처럼 썼네. 잘한다.
618,포크레인 하고 .불도저   동원해서  파뒤져버려  .
619,누가 뽑아줬노?
620,문제있다면  시장 자리  내놓아야지
621,"나라가
썩어도 
너무 썩었구나."
622,이런 쳐죽이놈! 당장조사해 구속해라
623,진짜 가지가지한다 얼척이 읍네
624,"이래도 ㆍ또 뽑아주니 ㆍ

또   목아지 빳빳하게 들고 다니 쥐ㆍ"
625,아이들 괴롭힐거면 아동관련 직종에 취업하지 말기를
626,이런 기사 그만 봤으면 좋겠다.....ㅜㅜ
627,죽여버려 정신병자들
628,옛날엔 원비를 부모들이 사비로 직접낼땐 안그랬는데 요즘은나라에서 지불하니 어린이집이나 유치원이 간이부었다
629,"똑같이 되돌려줘버릴까 보다.
어떤식으로 해야 아이들한테
그런짓을 안하려나..
미쳐나가는구나 진짜"
630,아니 저런분은 제발 어린이집운영하지 마시길 ㅜㅜ 이거 뭐 할말이없다 하.. 본인이 애가 싫으면 걍 집구석에 들어있던지 왜 저런사람이 어린이집원장을 하지??
631,제발 아이들 좀..
632,원장아 니 자식 학대하지  왜  귀하디  귀한 남의   아가들 학대하냐!!!!!  카~~~악  퉜
633,"왠일입니까
남의집 귀한자손을  그리하면
어쩔~사형감이네
자질없는이들을 어린이집 선생으로
앉혀놓고.."
634,언제나 학대로 숨진아이 뉴스를 접하지 않게될까?   학대자들도 학대해서 죽여야 끝날까
635,아... 너무소름끼친다...
636,아 너무 속상해ㅜㅜ아이부모는 어쩌노 진짜ㅜㅜ
637,살인자
638,"도데체 요즘  아가들이  왜이리  수난을
당하나요?눈만뜨면 하루멀다하고
아가들이  사망사고가  넘쳐나는데
정말   가엾어서 볼수가없네"
639,진짜욕나온다.
640,아기를 재우고싶어 죽을 정도로 고통을준거야ㅠ 얼마나 고통스러웠을까ㅠㅠ 마음이 너무 아파요 제발 약자인  아이들에게 그러지마세요 저항도 못 하는 아기들 때리면 때리는대로 그대로 그 고통 다 당해야하고 말도 못하고 그런 모습 보면 마음 안 아픈가요?
641,아~~정말 왜들 그러니!!!
642,"푸하하하...
개발자 없으니깐, 별 쌩쑈를 다하는구나....ㅋㅋㅋ
이 글 읽는 사람들 형 말 잘 들어....
차라리 노가다 뛰어...
개발자 같은거 하지말고...
나중에 돈 못 받고, 맨날 날 밤 까서 몸 다 망가지고, 나중에는 갑한테 사장한테 멱살 잡히고...
더러운 꼴이란 꼴 다 보는게 개발자다...
절대로!!!!!!
절대로!!!!!!
개발자 같은건 하지마라...!!!!
저렇게 좋으면, 왜 너희 선배들이 다 때려치워서 이 나라에 개발자가 없겠니..?
소프트웨어 개발자 등록제... 이런거 검색 한번 해봐..."
643,"한반에 50명중 3년후에 개발자로 남는인원 5명정도임
개발자는 적성에 맞는사람아니면...
빨리때려치고 스스로 잘하는 딴일알아보시길.."
644,"전국 4년제 대학교 컴퓨터, 전자 전공자들이 얼마나 많은데..그 전공을 하고도 쓸만한 사람은 극히 일부분인데 뭔 문과생이나 타 전공학생들이 온라인 강의나 학원에서 몇달 듣고 개발자냐? 그런 사람들은 영어로치면 ABC만 간신히 배우고 코딩이나 개발자 별거 아니네 쉽네라고 하는것과 같다"
645,개발자 모두에게 해당되는 것은 아님..초급 개발자를 누가  비싼 비용 들여서 고용해???? 이런 선동 기사는 자제해야..
646,"코딩 절대 쉽지 않습니다.
수학 기초 과학 필수 이며 , 생각보다 
힘듭니다.

저런 연봉 받을려면 소질과 노력 필요 합니다"
647,"학원홍보기사~~~
IT 개발자 쉬운 길은 아닌데,,"
648,맨날 야근할거 같은데
649,"개발자 = 일용직 잡부 

새벽시장 자바 땔감 두명 타세요"
650,"연봉 높은 개발자가 왜 높고, 그 과정이 어떻게 되는지는 말도 없는게, 마치 lh면, 공무원이면 다 투기해서 돈 벌고 성과급 뽑아갔다는것처럼 일반화 시키는거 같네요."
651,"1. 코딩관련 학원 및 온라인 강좌 회사가 돈번다.
2. 급조된 인력이 늘면서 S/W 품질이 낮아진다.
3. 그래도 인력적으로는 여유가 늘어나면서 노임단가가 내려간다.

이게 처음이 아니죠?"
652,"코딩 해본 사람은 알지
그 능력이 개나소나 얻을수
있는 능력이 아니란걸"
653,"예전부터 비전공 6개월 학원 출신 프로그래머 보면, 너무 응용쪽만 배우고 와서, 깊이가 있는 문제는 해결을 잘 못함."
654,기자가 현실을 전혀 모르네. 연봉 올려주는 회사는 전체 회사의 10%도 안됩니다. 엔씨급이나 네이버 카카오 삼성 수준 아니면 답 없어요. 대부분 동결이고 5년차 월급 250만원선입니다. 그마저도 회사 부도율이 넘 높아서 눈치봅니다.
655,그렇게 돈이 잘벌리면 이 기사를 쓴 이름모를 기자부터 그만두고 개발자로 전향해봐라ㅋㅋ
656,코더와 개발자는 차이가 있다.
657,"개발이 그렇게 쉬운거였으면 연봉이 그리 높지도 않았지
진짜 쉬운건데 저만큼 벌지? 이기사 쓸 당사자도 기사 안쓰고 사표내고 바로 일하러감 ㄹㅇㅋㅋ"
658,전공자도 실력 안 돼서 취업 못하는데ㅋㅋㅋㅋㅋ
659,"선동적인 기사제목에 결론은 IT학원 홍보네요
문과생 두번죽이는 기사"
660,유족이 살인범의 사죄를 받아 드려 ?   꽃같은 나이 억울하게 족은 고인이 억울해서 하늘고 제대로 가겠나
661,사형 안시키니 범죄가 끊이질 않네
662,무슨 이유인지 모르지만 유족이 합의 해줬다고 징역이 30년에서 25년으로 대폭 줄어든게 어이없다
663,"그래도. 군법이니까 25. 30년이지
아마 저 군인이 일반인 이였다면
10년도 안때릴걸
그리고 유족이 선처를 해줬다고?
지 딸을 잔혹하게 죽였는데?
죽은딸만불쌍하다"
664,잔혹하게 살해했는데 형량을 줄여주는건 뭐지?
665,이걸 합의했다고????
666,딸을잃고. 뭔합의를해. 사형이나. 무기징역. 때려야지~~
667,"이세상 누가   피해자의 합의를  대신할 수 있는가???????????

합의  자체가  있을수 없는  말이다

합의라고  표현하는 것  자체가  잘못된거 아닌가

판결도  합의라는 표현을  안썻음  하는 바램이다"
668,"헤어지자고 한다해서 사람죽이는 사례가 왜이렇게 많냐 ㅡㅡ
내가여자여도 남자만나기 점점 싫어지겠다.
어쩌다 만난게 저런 모지리면 어떻게 하나"
669,"살인은
사형으로
ᆢ"
670,ㅋㅋㅋㅋㅋㅋㅋㅋㅋㅋ 계획 살해해도 25년 ㅋㅋㅋㅋㅋㅋㅋㅋㅋㅋ뭔 나라가 이모양 이꼴이냐
671,"사형수 사형안시키는 나라면 형량을 높혀라
살인은 모두 감형없는무기징역으로"
672,뭔 놈의 나라가 2심으로만 넘어가면 거의 감형이고ㅋㅋㅋㅋ
673,이런건 기가막히게 조용해지던데 ㅋ
674,이 기사 다음 홈 메인에 올려라....선거날 전일까지....
675,청년연설 좋아하네ㅋㅋ 일베 교육생이ㅋ
676,거짓말이건 뭐건 뭘 해도 용서가 되는 국짐당법....
677,이럴줄 알앆다 하여튼 사기 국짐것들
678,"일반인인척 오졌고 ㅋㅋ
그럼 그렇지
제정신.박힌 20대가 저길 올라가겠네
예비 국짐당 후보니까 올라가지 ㅋㅋ"
679,이 기사도 빛의 속도로 내려가려나?
680,"야, 알바냐고 물어보니 발끈했다며? 알고보니 알바보다 더한 놈이었네? 뭐 그 출신이라는거 뭐라할 건 아닌데 니들이 이런 주제에 민주당 청년연사한테 뭐라고 지껄였냐? 에라이~"
681,"국짐당은 역시 조작질뿐,,,,
순수하게 보이는게 없으니,,,"
682,"ㅋㅋㅋㅋㅋㅋㅋㅋㅋㅋㅋㅋㅋㅋㅋㅋ
일베  하나 돈주고 매수했구만"
683,"박영선 캠프 청년 손가락질 해대더니
국짐당은 연출당인가
20대 청년표 다 끌어올듯이 말하지만
이것 또한 연출이었다?
정치가 쇼인가 사기인가"
684,"이젠 뭐 놀랍지도 않구만..
제정신 가진 사람이면
자발적으로 짐짝당 지지하기가 쉽진 않지..ㅋㅋㅋ
조작과 사기의 일상화"
685,마.. 궁민의짐은 뭔 짓을 해도 다 이해가 된다.. 똥개가 똥을 먹는 것이 뭐가 이상하노..
686,중앙은 역시나 🐕 죠. ^^
687,"80여 년
왜구잡종
강점용
안보, 지역, 이념, 의혹팔이와
사이비와 토왜 주장과 소원대로라면

1억 번
경제 폭망했고
전쟁 낫고
빨갱이 나라 됐고
온 국민이 역병 걸려 죽어야 했다
쓰레기들....."
688,"어떡하든지 현정권을 까내리고,불안감을 조성할려고 하는 중앙이 싫다.  그럴 시간 있으면  독도검정교과서 승인 통과시킨 일본 까는 기사나 내라  이 망할놈의  요미우리 서울지사 신문아~~"
689,"중국 텐센트 돈 천억 받아 쳐먹고
설중화 같은  북한남파 간첩이 한국 민주주의 해줬다는
북조선의 형제 중국표 드라마나 만드는 jtbc의 본산 빨갱이 중앙일보

돈 천억에 넘어가 중국몽의 실현에 앞장서서 
한국 민주주의 훼손하고 중국 공산당 찬양하는 드라마나 만드는 중앙일보

중앙일보 사주의 아버지는 이승만때 4.19 의거로 부정선거 항의하는
어린 항생들의 가슴에 총을 쏘라고 발포 명령했던 바로 그 인간

토착왜구 짓으로 돈 벌더니
이젠 중국 공산당 편들어 동북공정에 협조하는
짐승만도 못한 매국노들이 모인 중앙일보는 반드시 몰아내자"
690,중앙일보는 언론을 병들게하는 바이러스다
691,"6월초에 백신 쏟아진다
노바백스 한댤에 천만개 만들고
결국 스케줄대로 간다"
692,망해라 망해라 고사를 지내는 구만. 불쌍하다!!!
693,"중앙 기레기야............... 인도가 인국가 몇억이냐??.......... 지금 세계 3위 감염국이다!

그나라에서 생산된 백신이.... 국경을 넘어서 나올수 있다고 생각하니???..... 정말 중앙일보엔 멍청이들만 있나보네??"
694,"미국,호주사람은 전멸했겠네????"
695,국민학교 때 울 엄마는 나 죽으라고 비엔나 소세지 볶아서 케찹 뿌려서 도시락 싸준건가
696,식당하는소상공인입니다 반찬으로햄반찬줄줄이햄볶을때는 뜨거운물에 살짝담가놨다가헹궈서봌아요그럼괞찮아요  근데삶아낸물을보면 정말손님들주기싫어요
697,미국이랑 독일 사람은 다 죽은겨??
698,"먹어란 말인냐 
먹지 말란 거냐.

특히 아이들이
좋아하는건데.

그리 심각하다면
판매하면 안되지

기레기들 기사보다
식품회사를 믿는다..."
699,작작해라
700,독일을비롯해 유럽각국은 어째??다죽었게??똥기자야~~!!!!
701,이 정도로 몸에 해로우면 제조/판매/유통금지 시켜야지...
702,가공육을 좀 건강한 재료로 만들면 안되나...
703,그럼 만들지를 마
704,독일 사람들도 오래 살던데말야...뭐냐...
705,탄압으로 여론몰이를 하는거 보니 급하기는 했나보다.
706,"자택은 도쿄.. 신랑은 미국인...애들도 미국인... 지지 호소 세력은  조선족....

이 아주머니  뭐지...."
707,언제는 실거주 목적이라더니......임대했다며?   그리고 구로 주민인척하더니 연희동주민이시고......다음에 서울 시장떨어지면 서대문서 나와라 구로와서 깝죽대지말고....
708,"박영선 남편 이 mb대문에 일본 간다구 해면 
기레기내놈들 이 제대로 기사 쓰겠냐 ??"
709,탄압때문이었으면 정치시작하셨을때라도 일본집 팔지 그러쎴어요
710,데일리안이 진짜 언론답다  우짜든지 사실확인해야지  오세훈 박형준은  확인할필요없구 네거티브로 돌리면되는거구  맞지?
711,데일리안 = 국민의힘 ㅋㅋㅋ
712,"입만 열면 구라네
진짜 토착왜구네

이러면서 감성팔이에  선전선동이니
이래서 좌파들이 문제야"
713,애쓴다
714,"기레기... 진짜 문제다... 국민이 사실을 다 아는데... 쉴드 그만쳐라.. 
언론개혁되면 없어질 찌라지다..."
715,"남탓은 이 정당의 정훈인가
그냥 무조건 전정권탓"
716,"박영선이는 선거법 위반으로 고발되어야 하는거 아니야?
한국에서 일을 못해서 일본으로 간게 아니라
한국에서 일할수 있는 해외로펌에 들어가려고 동경지사를 선택했고
임대료 지원되는데도 불구하고 동경에 집사고
활동은 한국에서 하면서 일본집 유지해서 일본에 세금 잘 냈다는 거잖아
이게 친일파고 토착왜구지 
일본을 극도로 싫어하면 비행기 시간 조금 더 걸려고 홍콩을 택했을건데
굳이 일본 동경을 택한 이유가 뭘까?
회사에서 주는 임대료로 살면될걸 일본이 싫다면서
굳이 일본에 집을 사서 일본 정부에 꼬박꼬박 세금을 낸 이유가 뭘까?
답은 위선자"
717,"박영선의 남편인 이원조는 대한민국에서 활동하는 미국 변호사로, 2019년 청문회를 앞두고 43억 원의 재산을 신고했다. 종합소득세 2천400여만원을 인사청문요청안 제출 하루 전인 2019년 3월 12일 납부해 논란이 됐다.
얍삽한 대한 미국 니뽕인."
718,추미애 도움연설하면 오세훈 더 좋아질낀데...
719,"기르에기 양반..
전직 대통령도 죽음으로 모는 정권이었는데..이명박때문에 옮겼다고 말하면 저 사람이 잘 살 수 있었을까?
좀 생각을 하고 기사를 씁시다!!"
720,"탄압?ㅋㅋㅋ
요즘세상에  탄압이 가능하고
탄압받고 가만있을 넘들이냐,,ㅋㅋ"
721,토착왜구를 딴데서 찾지말라.  더불당 박후보와 그의 남편이 바로 악질 토착왜구다
722,좌파들의 거짓말
723,"박영선은 도쿄아파트 이야기만 나오면 이먕박정부때 남편이 탄압받아서 
일본으로 갔다고 했는데 그때부터 참으로 어이없는 거짓말이라고 느꼈었다"
724,인간이 아니구나.
725,인간이 제일 잔인하다
726,미국이란 나라 있어 그나마 다행입니다.
727,어휴... 저 어린것들이 무슨 잘못이라고 저렇게 집어던지냐.. ㅠㅠ 줄로 매달아서 내려주기라도 하지...
728,"대한민국도 안전지대가 무너지기 전에 국민들이 생각을 넓혀야 합니다

내 자녀는 아니겠지 내 남편은 아니겠지 내 아내는 아니겠지 하는 생각을 다시 한번 점검해서 다음세대 에게 건강한 나라를 물려 줍시다"
729,"전세계인간들은 돈에 눈이 멀어서 살아가고있다
욕심이 많은 인간"
730,이걸보고투표를잘해야한다..정신바짝.나라가무너지는건한순간
731,투표를 잘 해야 이런 일을 막을 수 있습니다.   돈 있고 명예있는 자들보다 정직한 사람들이 필요합니다.
732,브로커들은 완전 인간 쓰레기들이구만
733,"인간은 간사하고 나약하고 이기적인 동물..
삶은 고통..태어나지 않는게 가장 큰 행복.."
734,불법 ㅋㅋ 오지 말라고 ㅋ
735,아 정말 잔인하다.왜 세상은 이래야 하는는지
736,아무것도 모르는 저 어린것들을 저렇게 높은곳에서 ㅠㅠ 눈물나네 진짜 돈만생각하는 버러지들은 다 사라졌으면
737,인간의 탈을 쓴 악마들이 넘 많다ㅡ.
738,"지구 곳곳에서 

인종차별을 비롯 ,

""인간성말살 시대"" 가 

시작되고 있다 

ㅠ
ㅠ
ㅠ"
739,저 부모는 얼마나 하늘이 노랗게 보였을까~ 참 다행이네~
740,저도 아기때 사탕먹다 걸려서 숨넘어가는걸 옆집아주머니가 뒤집어서 등두드리니 사탕튀어나오고 살았다더라구요 여튼 저분의 기지로 아이가 살수있었네요ㅠㅠ
741,어떤 직업이든 위기상황에 대처할수 있는 메뉴얼과 비상상황을 염두해 두고 훈련과 교육을 충분히 시킬 필요가 있음
742,몸이 작은 애들은 저렇게 땅을 보게 하고들어서 등을 두드리면 됩니다
743,"심폐소생술이나 이런 응급처치법은
학교에서부터 가르쳐야한다고 봄
아이가 무사해서 다행입니다~"
744,"아 씨 기레기들아, 제목에 나라 이름 좀 쓰라고.
그게 그렇게 어려워?
뭐 기레기 니들이게는 세계는 하나 뭐 그런 거냐?
글쓰기 기본, 육하원칙도 안 배웠냐?
이 근본 없고 무식한 것들아."
745,저 직원분 배운 분.
746,진짜  생명의 은인이네
747,하인리히법을  배워야  합니다  ㅠㅠ
748,큰 복받을겁니다.
749,세상에 얼마나 놀라셨을까요. 고기처럼 부드러운건 진짜 안나오더라구요.  울 둘때도 족발 먹다 목에 걸렸는데 하임리히를 아무리해도 안나와서 정말 죽는 줄 알았어요.  한참후에 나오긴했지만 생각보다 진짜 오랜시간 안나오더라구요.  그래도 나왔으니 얼마나 다행인가요.
750,식당직원한테는 고맙다는 말도 안하냐?
751,종업원한테충분한보상해야할듯!
752,이게 뭐라고 감동스럽냐 엉엉
753,아가 천천히  꼭꼭 씹어 먹어라  큰일날뻔 했잖니
754,오새훈이 광고좀 안보이게 해주라 쫌!!!
755,"검찰이
봐주기 수사로 국고.손실 입힌것이 헐신 많다
법조 기레기들 빨아주다고 이빨 남아 있나"
756,베리 나이스.
757,경찰이 압수한걸ㅋㅋㅋㅋ언론은 검찰이 수사해서압수한건지 알겠네
758,음란영상이면 피해자가 있을텐데 피해자에게 줘야하는거 아냐?
759,검찰자산운용... 검찰투자자문회사 차려라 ㅋㅋ 검찰펀드 .. 수익률 최고네
760,네이버  다음  망할것 같아요 ㅠ
761,"이런 기사가 바로 메인에 뜨는 알고리즘 원리가
대체 뭘까????"
762,‼️몹쓸인간 ~~ 빽바지생태오세후니 ~!!
763,골고루 웃기고있네ㅋㅋㅋ
764,"분할매도로 수익율까지 챙겼으면 국민연금보다 훨씬 잘 운용한듯.....
차라리 그분이 국민연금 운용하면 안될까????"
765,카스공장 헐고 아파트짓자
766,"세금이 올랐으니
다 오르겄지~~~~~"
767,"응원합니다 지금 같은 시국에 가격을 인상하는 물품은 전품목 자영 업자들이 뭉쳐서 구매 판매 를 중지 해야합니다. 우리 민족은 어려울때 더 똘똘 뭉치는 민족이지 어려울때 득을 취하던 민족이 아닙니다.
자영업자들이여 똘똘 뭉칩시다."
768,본인들이 더 많이 올리면서ㅋㅋ
769,"100원올리면 술집에서는 1000원 올리는데,,,,"
770,말도안되는 여론조사에 속은 대기업ㅋㅋ
771,소주는 건들지말자
772,카스보다는 테라가....맛과 상쾌함이 좋아...
773,대기업만 먹고사는 세상~~
774,각보대로 했는가보다.고등학생까지 끌어들이고..자알들 한다..
775,"민주당이것들은 선거법위반 
밥먹드시해대는구나"
776,왜 메인인데 댓글이 없누~ 민주당 댓글팀들 회의하나?
777,선거법 위반으로 끝아닌가?ㅋㅋ
778,명백한 선거법위반이다. 위반을 밥먹듯이 하는 민주당. 이건은 강력한 선거법위반 처벌을 하여야한다
779,"이것들은 툭하면 불법이야
더듬당에서 위법당으로 바꿔라
아무리급해도 그렇치 미성년자를. . 
니네는 완전 끝이야
대한민국에서추방"
780,"정말 했구나. 나는 문빠입니다 라고 입이 닳도록 떠들어 대다가,이제는 유니폼에서 문빠도 빼고 민주당이라는 당명도 빼고, 미성년자를 선거에 동원하고 갈수록 악수만 두는 너희들의 정체성은 무엇이라니?"
781,"참으로  기가 막히네요.  아무리 시궁창같은 정치바닥이지만 아직 가치관이 정립되지않은 고등학생을 이용해 선동정치를 하다니..... 당신네들은 거짓 선전, 선동이 주특기지만 이건 아니지 싶네요... 역시 많은 국민들이 왜 그대들을 버렸는지 알겠네요."
782,"재난지원금, 지하철 요금 할인 가지고도 안되니 미성년자 그것도 고교 2학년을 꼬드겨 선거 연설원으로 ....발악을 하는구나 ? 성폭력당 민주당 ! 이번 선거는 왜 하는 거냐?"
783,댁들이 하는건 실수이고 남들이 하는건 적폐이지요.
784,"미성년자가 선거운동을 하다니...
법대로 처리해야 마땅하다."
785,영선이가 최악이다
786,서툴다 서툴어~~
787,일본 아줌마는 도쿄 시장 선거 나가지 왜 서울 시장으로 나오지?
788,"발악을 하는구나...
정말 추하다!!"
789,어찌고2학년을선거유세??
790,집권당이 법을 우습게 여기는것은 어제 오늘  일이 아니지만 이런당이 재집권을 외친다니 국민들을 언제까지 우롱 할건가 기가차다
791,"애기들한테도 벌써부터
좌익 물들이하는겨
대단한  더블어 만져 터진당이구먼
몹쓸 인간들~"
792,신상공개해라제발좀 ...걍말하는것도질린다
793,저런인간은옛날형벌처럼능지처참이답이다!!어찌어린애기를~~나쁜사람
794,전국민이 저원장눕혀놓고 한번씩 밟을수있는 기회를 줘라
795,"대한민국 판사가  얘들죽이는거다
니들이 엄하게 처벌만해도 저런일은 생기지않는다
강력한엄벌해밧자 사람죽여도 꼴랑 5년처벌하는
거지같은 판사들아
니들이 죽이는거야"
796,"저런것도 인간이라고ㆍㆍㆍ
갈기갈기 ㅉ ㅈ 버리고 싶다"
797,저 인간 가슴에 코끼리 다리를 올려줘라~~~!!
798,"미쳤다 진짜
왜들 그러는 거야 대체
어린이집에서 죽은 애가 벌써 몇이야
엄벌에 처해주세요"
799,"어이구가슴무너진다
여린아이재우려고
발로눌렀구나
진상조사철저히하여
엄하게다스리세요"
800,"손목아지 발목아지 다잘라버리고싶다 ㅠ 자식잃은 부모심정은 얼마나 화나고 슬프고 억울할까 ..,진짜 이런건법이제발강화되서 사형에처해주세요 어린아기들은 죄가없어요 ..에휴  아기들이계속 죽으니 자식가진부모로써 참 가슴이아파요...."
801,"아이들은 죽어나가는데 판사들은 처벌이 가볍고
저들은 또 범죄를지르겟지
얼마나더 희생해야되는가"
802,"이런인간이원장이야얼굴공개하고
어린이집문닫아라"
803,남의 귀한집 자식을 ㅠ
804,"아가들 가지고 저런사람들 뇌를 한번 파보고싶다
무슨생각을 가지고있는지"
805,아기들은 정말 멀쩡해보여도 정말 조심해야해요.순두부처럼 약하고 여리여리한 몸이라서 ... 행동하나하나에 신경써줘야해요. 교사 자격증 박탈해라!
806,세계최악의  언론사 대한민국  ...
807,백신 가지고 정치화하지 맙시다. 저분들 누구보다 고생하시는거 다 아시잖아요.
808,"내가 그 이유를 말해 줄게.
국짐당과 조중동은 계속 Az맞으면 죽을 수 있다는 식으로 허위사실을 퍼뜨렸고, 극우  태극기부대 유튜버들은 유튜브방송으로 1만명 가까이 태극노인들 모아놓고 Az백신 맞지 말아야 한다고 의기투합하고 있었지.

국짐당을 지지하는 태극기부대 대부분은 대구 경북이야. 우리가 선거에서 국짐당 찍는건 전광훈 찍는거나 다름없는거지.

난 차라리 더 잘됐다고 생각해. 어차피 경상도만 선택적으로 화이자 놔주진 않아.  그렇게 접종거부 그냥하시고 국짐장 시장 만나 광화문집회들 열심히 하길 바래. 

정부는 Az만 놔라!"
809,이런 쓰레기신문. 중아밀보 다니는 것들은 백신 놔주지마라. 다  코로나걸려 뒤져야 한다~
810,"왜 이렇게 방역에 태클을 걸지?
도대체 적폐세력은 인간인가, 버러지인가?"
811,조중동은 역시 쓰레기 언론 인증
812,"찌라시 애쓴다
문통이  왜 먼저 맞냐고 무슨 특혜라도 누리는양  어거지를 쓰더니 이제는 늦게 맞았다고 난리.
억지를 부려도 분수가 있어라"
813,"국짐들아!
넘지 말아야 할 선이 있다..
시작부터 끝까지 네가티브로 망하길 바라는 니들이 네가티브 어쩌고 할 일이냐? ㅉㅉ"
814,"대통령, 질병본부장이 먼저 맞았으면  새치기했다는 멍멍소리했을 기레기?가 무슨 소리고??? 지금 확산세가 정부가 잘못해서 그런기가????? 직장내 감염 그럴수있다고 치자. 유흥주점 에서 감염된 건 우째 설명할래?? 까는건 좋다만  무조건 까지는 마라. 퉷"
815,접종율 역주행..... 별 희한한 단어와 분석이 다 있네. 79 —⟩ 76 역주행... 그럼 65프로 쯤으로 떨어지면 방역실패? 반대로 다음 주에 80프로 나오면 정주행으로 대성공이라고 할 건가?  바보인 듯
816,"제발...다음아..샤벽부처 조즁동 보게하지 마라!!!
네이버보다 더 하네...
네아버로 이사가야겠규먼..."
817,"고사를 지내라 고사를
나라 망하라고 난리를 치네
나라 망하면 너네는 괞찮냐?"
818,이게 신문 인가?
819,지긋지긋하게 물고 늘어지네
820,"국짐당과 조중동의 불안감 조성이
보수 태극기 꼰대들의 감성을
자극해서 바보로 만들어 놨지.."
821,이분 건들지마라!!¡!!!!!
822,"제목봐라 역시 종양일보 
너희들의 농간은 언제 끝이날까?
백신을 우리나라에서 생산한다는 기사는 어디갔나?"
823,아직 시작도 안되었는데 불안조성하는  중앙 어떻게 국민에게 희망을 주고 대안을 미리생각하는  언론은 힘든거냐?  언론이 비판은 하겟지만 우파정권일때는 명박 근혜의 폐단은 해외에서 시민단체에서 먼저제시해도 대변하고 호도해서 좋아졌는냐... 좋은 언론은 못대도 나쁜언론은 국민에겐 적보다 더 무서운 폐단을 이룬다...
824,"엊그제만 해도 백신 후유증으로 시민들 불안하게 만들더만 이제  백신 못온다니까 또 수급못한다고 
기사냐? 정말 지긋지긋한 적폐 기레기들. 끔찍하다."
825,"백신접종률 가장 높은 이스라엘 오늘 확진자 500명 나왔던데
인구 800만이다. 
우리 천만도시 서울에서 150명 나왔다고 난리나는 나라다. 
백신 안오는게 무슨 최악이라는거냐
오히려 백신 맞고 까불고 다니다가 확진자 더 늘어날까 그걸 걱정해야 할정도로 
우리는 백신없이 잘 관리되고 있는 나라다"
826,"이제는 넌덜머리가 난다.
대한민국의 악의 축 조중동 당장 폐간시켜라."
827,"백신 가지고 또 시작이냐 기레기야~
AZ백신생산 국내에서 생산하는걸 모르고 똥볼 차는거냐 ㅋㅋ
기레기야~능력없으면 딴일 알아봐 ㅋㅋ
언론 국민들한테 극협 만들쥐 말고 ㅋㅋ"
828,'다음' 은  정치검사 윤장군을 우상화하는 작업에 협조해선  않된다ㆍ 지속적으로 조중동  등 찌라시 언론들의  김정은 우상화하듯이 윤장군을 우상화하는 기사를 지속적으로 포스팅해선 않된다ㆍ다음은 역사를 왜곡하는 작업을 중단하라ㆍ
829,"윤짜장 노출할라고 윤짜장 친구 죽은것도 기사화거리냐?
이걸 왜 국민이 알아야하는데~~
기레기놈아~~"
830,"와 진짜 할짓없네
윤석열 친구를 알아야되나"
831,"윤석렬친구는 죽으면 다 윤석렬친구로 기사쓸거냐?
참 기레기들 어지간이해라..똥구녕헐겠다"
832,"오세훈 내곡동 거짓말이나 기사좀 써봐요.
윤석열 친구가 죽은걸 우리가 왜 알아야하지?
이런것들이 기자인가? 이런게 기사인가?
와~  진심으로 역겹다!"
833,언론 개혁이 심각하네.
834,"웃음 뿐이다.
윤석열 친구는 특별한 사람이냐?
멀리가도 너무 멀리간다."
835,"이게  기사인가?
윤석열이  죽은것도  아닌데
그냥  김 모씨  사망이지
윤석열  이름을  그렇게  기사에  올리고 싶으면  윤석렬장모    윤석렬 아내     이런거  기사에  써라요"
836,"장모가 죽은거도아니고
개똥이나 김아모개가 죽은게 기사거리냐?"
837,다음이 이상해 졌어요
838,"기자야 기자야 윤  친구도 기사  거리냐?
아무리 띄워주고 싶어도 넘 과한 아부다
자존심도 없는  쓰레기들은 되지 맙시다"
839,"일단 사망사고는 안타깝지만 우리가   그분이 윤석렬씨 친구인걸 알아야하나? 
기자님 자극적인 기사로 주목받고 싶은건 알겠지만  윤석렬씨가 뭐 그리 대단하다고 그분 친구 사망기사  관심 없습니다."
840,삼전가즈아~9층 구해주세요ㅋㅋ
841,그 방화가 혹시 본토중국 프락치에 의한 것이 아닌지 살펴볼일이다.
842,삼성전자 반사 이익이네 ㅋ
843,"이쯤 되면 누가 일부러 불내는거 같다..
ㅎ 말도안되는 우연이 계속 겹치네"
844,만우절인가..
845,무슨 반도체 회사가 저리 허접하냐.
846,"난리났네 난리났어...

반도체 없다고 난리인데 더 심각해졌네...

삼전 주가 팍팍 오르겠구나"
847,이거 왠지 일본 세작들이  배아파서 한것같은데 울나라 반도체 회사들 경비 강화해야겠내
848,화재사진 좀 올리면서 글써라.
849,"가지가지한다 정말
물 잘 나오고 정전없고 불 잘 안나는 나라 대한민국"
850,호재인가요?
851,삼성전자 가즈아
852,자연보존이 잘 되있어 감사합니다
853,좀 언론들 자제합시다
854,진달래 꽃도 아름답지만 고지도와 역사 등 글이 아주 잘 썻다는 느낌....
855,아~~~가보고 싶다!
856,사람들  또   엄청몰려  가겠구만
857,전기차타고  대견사까지 올라가면   등산안해도  꽃구경  할수있습니다
858,"꽃은  향기와  풍경이 있는
또 하나의 마음속을
울리는 감동 꽃은
언제나 봐도 참 아름답습니다^^
진달래꽃은 멋있는거 
같습니다.^^"
859,"기자분 마삼 무학산이 아니고예
창원 천주산 입니다"
860,"1,000m 고지 참꽃이라 제일 이쁘겠네요"
861,와우
862,절터가 아담하면서 멋스럽네요. 코로나 끝나면 한번 가보고싶군요.
863,참 멋진 곳이네요. 가보고 싶네유~~
864,엄청난 진달래꽃이 만발했네요. 장관입니다 너무 아름다워요.
865,"낚시던 해루질이던 한해 잡을수 있는 1인당 마릿수 정하고 채취한거 신고해서 카운팅 하게 해야함.
적당히 자기 먹을만큼만 잡지 무슨 장사할 수준으로 잡아대니 ㅉㅉ"
866,"이제는 해루질 허가제를 하여 구역을 정하고
스쿠버들이 활동할 수 있는 구역도 정해야 할 것임."
867,"바다에서 레저 한다는 동호회(바다 오염 주범 씨말기 잘함), 자전거 동호히(찻길 다 막음, 치고 가라는 마인드), 스포츠카 동호회(시끄럽게 도로 무법천지), 오토바이 동호회(똥폼 오지게 잡고 찻길 다 막음), 축구동호회(술판 벌이고 고기 파티, 쓰레기는 니들이 치워라), 등산 동호회(불륜과 쓰레기 천지 산림 훼손) 등 동호회 도움이 안된다."
868,"저건 해루질이 아니고 스킨수쿠버다  잠수해서 잡는게 무슨 해루질이냐
해루질은 물빠진 바닷가에서 소라,고동,게,낙지 등을 잡는거다"
869,동호회가 뭐냐 작작 좀 하자.
870,"ㅋㅋㅋ경찰이 못잡는거임
불법도구들고 야간 해루질하다 경찰와서 나오라고하면
도구 바다에 던지고 나오니까 불법아닌것처럼 보이지
야간에 하기땜에 뭘로하는지 안보여
그래서 차에서 내리고 해루질하러 들어가는것부터 찍어서 잡아넣어야됨"
871,"댓글보니 잘 모르는 사람 많네
정리해줄게
1.허용된 도구를 사용하여 허용된 수산물을 잡는 것은 불법이 아님
2.판매를 위해선 맨손어업 신고를 해야 함-이게 도내300여명
3.야간에, 불법 도구를 쓰거나, 뿔소라, 해삼, 전복같은 채취금지 수산물을 잡아서 문제임
4.스킨스쿠버는 스킨다이빙+스쿠버다이빙을 합친 말인데, 스킨 다이빙으로 잡는것은 불법이 아님. 
스쿠버 장비를 착용하고 잡는것은 불법. 수중해루질은 스킨다이빙의 일종임."
872,"해루질 할려고 다이버를 하나?
어휴 천박하기 그지없네."
873,지금 우리나라 바다는 다 어촌계꺼임.. 이거부터 바뀌어야 함...
874,바다 국민들것인데 어촌보면 자기바다인줄 알고있음
875,"니들은 체험이지?
해녀.해남은 직장이거든!"
876,"다이버가 하는건 해루질이 아니다. 
다이버가 하는건 머구리가 하는것 처럼 생업을 위협하는거지 불법 채취로 본다.
머리질은 얕은 바다에서 맨손으로 조개 줍고 하는것이지 저건 무조건 불법으로 처리해야 함"
877,"희룡이는 대선준비하느라
신경도 안써요 
주민들 생업따위는 아웃오브안중"
878,그냥 다이빙만 해 왜 잡고 난리여?
879,취미로 즐기고싶으면 쓰레기체취나 해라
880,농민에겐 땅이 터전이고 어부에겐 바다가 터전이다.
881,둑도?  들이 많지요 어민들 건드리지 맙시다
882,이런 돼먹지 못한것....
883,"이래도 ㆍ또 뽑아주니 ㆍ

또   목아지 빳빳하게 들고 다니 쥐ㆍ"
884,"다 해쳐. 먹네
이것도 니편이지?"
885,"꾸린내가 광양시를 덮었구나...
얼른 정화해랏!!!!!!!!!!!"
886,포크레인 하고 .불도저   동원해서  파뒤져버려  .
887,"이제ᆢ
문재인정부와지자체에
대해
국민은
절규를지나
절망한다
국가적
재앙수준입니다"
888,"나라가
썩어도 
너무 썩었구나."
889,누가 뽑아줬노?
890,시민혈세가지고 지 주머니 쌈지돈처럼 썼네. 잘한다.
891,"놀랄것도 없다. 원래 저렇게 해쳐먹을라고 정치하는거자나. 이명박도 그랬고.. 해쳐먹을수도 있고 권력에 명예를주니 정치질하려는거다 봉사하고 희생하는 자리라면 누가 하겠냐?
토착왜구당 보다 더불어 더듬당이 나아보이냐? 정치하는것들을 인간으로 볼거없다. 쓰레기로 보되 잘 감시해서 우리에게 유익한 방향으로 써먹으면된다."
892,"뽑아준 죄값이네
그러니 당보고 찍지말고 사람보고 찍어야제"
893,이런자 부끄러움도 모르는 데다 시민을 봉으로 생각하는 놈.
894,이런 쳐죽이놈! 당장조사해 구속해라
895,"대단하다

공직자들 전수 조사해라

물론

국개의원 도의원 시의원 군의원도 함께"
896,문제있다면  시장 자리  내놓아야지
897,진짜 가지가지한다 얼척이 읍네
898,"환수해라.
국민세금이 잘못 쓰인건 당연히 환수해야지...
돈 없다면 땅으로라도 받아내라. 
파묘를 하더라도."
899,헐~~~ 광양시민들은 대체 뭐하고있데...세금이 저런곳에 쓰이는데
900,죽여버려 정신병자들
901,"왠일입니까
남의집 귀한자손을  그리하면
어쩔~사형감이네
자질없는이들을 어린이집 선생으로
앉혀놓고.."
902,언제나 학대로 숨진아이 뉴스를 접하지 않게될까?   학대자들도 학대해서 죽여야 끝날까
903,진짜욕나온다.
904,아~~정말 왜들 그러니!!!
905,이런 기사 그만 봤으면 좋겠다.....ㅜㅜ
906,살인자
907,옛날엔 원비를 부모들이 사비로 직접낼땐 안그랬는데 요즘은나라에서 지불하니 어린이집이나 유치원이 간이부었다
908,아기를 재우고싶어 죽을 정도로 고통을준거야ㅠ 얼마나 고통스러웠을까ㅠㅠ 마음이 너무 아파요 제발 약자인  아이들에게 그러지마세요 저항도 못 하는 아기들 때리면 때리는대로 그대로 그 고통 다 당해야하고 말도 못하고 그런 모습 보면 마음 안 아픈가요?
909,"도데체 요즘  아가들이  왜이리  수난을
당하나요?눈만뜨면 하루멀다하고
아가들이  사망사고가  넘쳐나는데
정말   가엾어서 볼수가없네"
910,아니 저런분은 제발 어린이집운영하지 마시길 ㅜㅜ 이거 뭐 할말이없다 하.. 본인이 애가 싫으면 걍 집구석에 들어있던지 왜 저런사람이 어린이집원장을 하지??
911,아 너무 속상해ㅜㅜ아이부모는 어쩌노 진짜ㅜㅜ
912,"똑같이 되돌려줘버릴까 보다.
어떤식으로 해야 아이들한테
그런짓을 안하려나..
미쳐나가는구나 진짜"
913,원장아 니 자식 학대하지  왜  귀하디  귀한 남의   아가들 학대하냐!!!!!  카~~~악  퉜
914,제발 아이들 좀..
915,아이들 괴롭힐거면 아동관련 직종에 취업하지 말기를
916,아... 너무소름끼친다...
917,그렇게 돈이 잘벌리면 이 기사를 쓴 이름모를 기자부터 그만두고 개발자로 전향해봐라ㅋㅋ
918,코더와 개발자는 차이가 있다.
919,"학원홍보기사~~~
IT 개발자 쉬운 길은 아닌데,,"
920,"1. 코딩관련 학원 및 온라인 강좌 회사가 돈번다.
2. 급조된 인력이 늘면서 S/W 품질이 낮아진다.
3. 그래도 인력적으로는 여유가 늘어나면서 노임단가가 내려간다.

이게 처음이 아니죠?"
921,맨날 야근할거 같은데
922,"코딩 절대 쉽지 않습니다.
수학 기초 과학 필수 이며 , 생각보다 
힘듭니다.

저런 연봉 받을려면 소질과 노력 필요 합니다"
923,"전국 4년제 대학교 컴퓨터, 전자 전공자들이 얼마나 많은데..그 전공을 하고도 쓸만한 사람은 극히 일부분인데 뭔 문과생이나 타 전공학생들이 온라인 강의나 학원에서 몇달 듣고 개발자냐? 그런 사람들은 영어로치면 ABC만 간신히 배우고 코딩이나 개발자 별거 아니네 쉽네라고 하는것과 같다"
924,"한반에 50명중 3년후에 개발자로 남는인원 5명정도임
개발자는 적성에 맞는사람아니면...
빨리때려치고 스스로 잘하는 딴일알아보시길.."
925,"선동적인 기사제목에 결론은 IT학원 홍보네요
문과생 두번죽이는 기사"
926,"연봉 높은 개발자가 왜 높고, 그 과정이 어떻게 되는지는 말도 없는게, 마치 lh면, 공무원이면 다 투기해서 돈 벌고 성과급 뽑아갔다는것처럼 일반화 시키는거 같네요."
927,"예전부터 비전공 6개월 학원 출신 프로그래머 보면, 너무 응용쪽만 배우고 와서, 깊이가 있는 문제는 해결을 잘 못함."
928,"코딩 해본 사람은 알지
그 능력이 개나소나 얻을수
있는 능력이 아니란걸"
929,전공자도 실력 안 돼서 취업 못하는데ㅋㅋㅋㅋㅋ
930,"푸하하하...
개발자 없으니깐, 별 쌩쑈를 다하는구나....ㅋㅋㅋ
이 글 읽는 사람들 형 말 잘 들어....
차라리 노가다 뛰어...
개발자 같은거 하지말고...
나중에 돈 못 받고, 맨날 날 밤 까서 몸 다 망가지고, 나중에는 갑한테 사장한테 멱살 잡히고...
더러운 꼴이란 꼴 다 보는게 개발자다...
절대로!!!!!!
절대로!!!!!!
개발자 같은건 하지마라...!!!!
저렇게 좋으면, 왜 너희 선배들이 다 때려치워서 이 나라에 개발자가 없겠니..?
소프트웨어 개발자 등록제... 이런거 검색 한번 해봐..."
931,"개발이 그렇게 쉬운거였으면 연봉이 그리 높지도 않았지
진짜 쉬운건데 저만큼 벌지? 이기사 쓸 당사자도 기사 안쓰고 사표내고 바로 일하러감 ㄹㅇㅋㅋ"
932,개발자 모두에게 해당되는 것은 아님..초급 개발자를 누가  비싼 비용 들여서 고용해???? 이런 선동 기사는 자제해야..
933,기자가 현실을 전혀 모르네. 연봉 올려주는 회사는 전체 회사의 10%도 안됩니다. 엔씨급이나 네이버 카카오 삼성 수준 아니면 답 없어요. 대부분 동결이고 5년차 월급 250만원선입니다. 그마저도 회사 부도율이 넘 높아서 눈치봅니다.
934,"개발자 = 일용직 잡부 

새벽시장 자바 땔감 두명 타세요"
935,무슨 이유인지 모르지만 유족이 합의 해줬다고 징역이 30년에서 25년으로 대폭 줄어든게 어이없다
936,"그래도. 군법이니까 25. 30년이지
아마 저 군인이 일반인 이였다면
10년도 안때릴걸
그리고 유족이 선처를 해줬다고?
지 딸을 잔혹하게 죽였는데?
죽은딸만불쌍하다"
937,잔혹하게 살해했는데 형량을 줄여주는건 뭐지?
938,유족이 살인범의 사죄를 받아 드려 ?   꽃같은 나이 억울하게 족은 고인이 억울해서 하늘고 제대로 가겠나
939,사형 안시키니 범죄가 끊이질 않네
940,"살인은
사형으로
ᆢ"
941,"사형수 사형안시키는 나라면 형량을 높혀라
살인은 모두 감형없는무기징역으로"
942,뭔 놈의 나라가 2심으로만 넘어가면 거의 감형이고ㅋㅋㅋㅋ
943,"헤어지자고 한다해서 사람죽이는 사례가 왜이렇게 많냐 ㅡㅡ
내가여자여도 남자만나기 점점 싫어지겠다.
어쩌다 만난게 저런 모지리면 어떻게 하나"
944,이걸 합의했다고????
945,"이세상 누가   피해자의 합의를  대신할 수 있는가???????????

합의  자체가  있을수 없는  말이다

합의라고  표현하는 것  자체가  잘못된거 아닌가

판결도  합의라는 표현을  안썻음  하는 바램이다"
946,딸을잃고. 뭔합의를해. 사형이나. 무기징역. 때려야지~~
947,ㅋㅋㅋㅋㅋㅋㅋㅋㅋㅋ 계획 살해해도 25년 ㅋㅋㅋㅋㅋㅋㅋㅋㅋㅋ뭔 나라가 이모양 이꼴이냐
948,"ㅋㅋㅋㅋㅋㅋㅋㅋㅋㅋㅋㅋㅋㅋㅋㅋ
일베  하나 돈주고 매수했구만"
949,이런건 기가막히게 조용해지던데 ㅋ
950,이 기사도 빛의 속도로 내려가려나?
951,마.. 궁민의짐은 뭔 짓을 해도 다 이해가 된다.. 똥개가 똥을 먹는 것이 뭐가 이상하노..
952,"국짐당은 역시 조작질뿐,,,,
순수하게 보이는게 없으니,,,"
953,청년연설 좋아하네ㅋㅋ 일베 교육생이ㅋ
954,이럴줄 알앆다 하여튼 사기 국짐것들
955,"야, 알바냐고 물어보니 발끈했다며? 알고보니 알바보다 더한 놈이었네? 뭐 그 출신이라는거 뭐라할 건 아닌데 니들이 이런 주제에 민주당 청년연사한테 뭐라고 지껄였냐? 에라이~"
956,"일반인인척 오졌고 ㅋㅋ
그럼 그렇지
제정신.박힌 20대가 저길 올라가겠네
예비 국짐당 후보니까 올라가지 ㅋㅋ"
957,거짓말이건 뭐건 뭘 해도 용서가 되는 국짐당법....
958,"박영선 캠프 청년 손가락질 해대더니
국짐당은 연출당인가
20대 청년표 다 끌어올듯이 말하지만
이것 또한 연출이었다?
정치가 쇼인가 사기인가"
959,"이젠 뭐 놀랍지도 않구만..
제정신 가진 사람이면
자발적으로 짐짝당 지지하기가 쉽진 않지..ㅋㅋㅋ
조작과 사기의 일상화"
960,이 기사 다음 홈 메인에 올려라....선거날 전일까지....
961,중앙은 역시나 🐕 죠. ^^
962,"중앙 기레기야............... 인도가 인국가 몇억이냐??.......... 지금 세계 3위 감염국이다!

그나라에서 생산된 백신이.... 국경을 넘어서 나올수 있다고 생각하니???..... 정말 중앙일보엔 멍청이들만 있나보네??"
963,"중국 텐센트 돈 천억 받아 쳐먹고
설중화 같은  북한남파 간첩이 한국 민주주의 해줬다는
북조선의 형제 중국표 드라마나 만드는 jtbc의 본산 빨갱이 중앙일보

돈 천억에 넘어가 중국몽의 실현에 앞장서서 
한국 민주주의 훼손하고 중국 공산당 찬양하는 드라마나 만드는 중앙일보

중앙일보 사주의 아버지는 이승만때 4.19 의거로 부정선거 항의하는
어린 항생들의 가슴에 총을 쏘라고 발포 명령했던 바로 그 인간

토착왜구 짓으로 돈 벌더니
이젠 중국 공산당 편들어 동북공정에 협조하는
짐승만도 못한 매국노들이 모인 중앙일보는 반드시 몰아내자"
964,중앙일보는 언론을 병들게하는 바이러스다
965,"어떡하든지 현정권을 까내리고,불안감을 조성할려고 하는 중앙이 싫다.  그럴 시간 있으면  독도검정교과서 승인 통과시킨 일본 까는 기사나 내라  이 망할놈의  요미우리 서울지사 신문아~~"
966,"80여 년
왜구잡종
강점용
안보, 지역, 이념, 의혹팔이와
사이비와 토왜 주장과 소원대로라면

1억 번
경제 폭망했고
전쟁 낫고
빨갱이 나라 됐고
온 국민이 역병 걸려 죽어야 했다
쓰레기들....."
967,망해라 망해라 고사를 지내는 구만. 불쌍하다!!!
968,"6월초에 백신 쏟아진다
노바백스 한댤에 천만개 만들고
결국 스케줄대로 간다"
969,"먹어란 말인냐 
먹지 말란 거냐.

특히 아이들이
좋아하는건데.

그리 심각하다면
판매하면 안되지

기레기들 기사보다
식품회사를 믿는다..."
970,"미국,호주사람은 전멸했겠네????"
971,이 정도로 몸에 해로우면 제조/판매/유통금지 시켜야지...
972,독일 사람들도 오래 살던데말야...뭐냐...
973,독일을비롯해 유럽각국은 어째??다죽었게??똥기자야~~!!!!
974,그럼 만들지를 마
975,작작해라
976,식당하는소상공인입니다 반찬으로햄반찬줄줄이햄볶을때는 뜨거운물에 살짝담가놨다가헹궈서봌아요그럼괞찮아요  근데삶아낸물을보면 정말손님들주기싫어요
977,국민학교 때 울 엄마는 나 죽으라고 비엔나 소세지 볶아서 케찹 뿌려서 도시락 싸준건가
978,미국이랑 독일 사람은 다 죽은겨??
979,가공육을 좀 건강한 재료로 만들면 안되나...
980,탄압으로 여론몰이를 하는거 보니 급하기는 했나보다.
981,데일리안 = 국민의힘 ㅋㅋㅋ
982,"박영선은 도쿄아파트 이야기만 나오면 이먕박정부때 남편이 탄압받아서 
일본으로 갔다고 했는데 그때부터 참으로 어이없는 거짓말이라고 느꼈었다"
983,"남탓은 이 정당의 정훈인가
그냥 무조건 전정권탓"
984,"박영선의 남편인 이원조는 대한민국에서 활동하는 미국 변호사로, 2019년 청문회를 앞두고 43억 원의 재산을 신고했다. 종합소득세 2천400여만원을 인사청문요청안 제출 하루 전인 2019년 3월 12일 납부해 논란이 됐다.
얍삽한 대한 미국 니뽕인."
985,탄압때문이었으면 정치시작하셨을때라도 일본집 팔지 그러쎴어요
986,언제는 실거주 목적이라더니......임대했다며?   그리고 구로 주민인척하더니 연희동주민이시고......다음에 서울 시장떨어지면 서대문서 나와라 구로와서 깝죽대지말고....
987,토착왜구를 딴데서 찾지말라.  더불당 박후보와 그의 남편이 바로 악질 토착왜구다
988,좌파들의 거짓말
989,"입만 열면 구라네
진짜 토착왜구네

이러면서 감성팔이에  선전선동이니
이래서 좌파들이 문제야"
990,"박영선이는 선거법 위반으로 고발되어야 하는거 아니야?
한국에서 일을 못해서 일본으로 간게 아니라
한국에서 일할수 있는 해외로펌에 들어가려고 동경지사를 선택했고
임대료 지원되는데도 불구하고 동경에 집사고
활동은 한국에서 하면서 일본집 유지해서 일본에 세금 잘 냈다는 거잖아
이게 친일파고 토착왜구지 
일본을 극도로 싫어하면 비행기 시간 조금 더 걸려고 홍콩을 택했을건데
굳이 일본 동경을 택한 이유가 뭘까?
회사에서 주는 임대료로 살면될걸 일본이 싫다면서
굳이 일본에 집을 사서 일본 정부에 꼬박꼬박 세금을 낸 이유가 뭘까?
답은 위선자"
991,"탄압?ㅋㅋㅋ
요즘세상에  탄압이 가능하고
탄압받고 가만있을 넘들이냐,,ㅋㅋ"
992,추미애 도움연설하면 오세훈 더 좋아질낀데...
993,데일리안이 진짜 언론답다  우짜든지 사실확인해야지  오세훈 박형준은  확인할필요없구 네거티브로 돌리면되는거구  맞지?
994,"기레기... 진짜 문제다... 국민이 사실을 다 아는데... 쉴드 그만쳐라.. 
언론개혁되면 없어질 찌라지다..."
995,"박영선 남편 이 mb대문에 일본 간다구 해면 
기레기내놈들 이 제대로 기사 쓰겠냐 ??"
996,애쓴다
997,"기르에기 양반..
전직 대통령도 죽음으로 모는 정권이었는데..이명박때문에 옮겼다고 말하면 저 사람이 잘 살 수 있었을까?
좀 생각을 하고 기사를 씁시다!!"
998,"자택은 도쿄.. 신랑은 미국인...애들도 미국인... 지지 호소 세력은  조선족....

이 아주머니  뭐지...."
999,"지구 곳곳에서 

인종차별을 비롯 ,

""인간성말살 시대"" 가 

시작되고 있다 

ㅠ
ㅠ
ㅠ"
1000,투표를 잘 해야 이런 일을 막을 수 있습니다.   돈 있고 명예있는 자들보다 정직한 사람들이 필요합니다.
1001,"인간은 간사하고 나약하고 이기적인 동물..
삶은 고통..태어나지 않는게 가장 큰 행복.."
1002,미국이란 나라 있어 그나마 다행입니다.
1003,브로커들은 완전 인간 쓰레기들이구만
1004,인간이 아니구나.
1005,"전세계인간들은 돈에 눈이 멀어서 살아가고있다
욕심이 많은 인간"
1006,어휴... 저 어린것들이 무슨 잘못이라고 저렇게 집어던지냐.. ㅠㅠ 줄로 매달아서 내려주기라도 하지...
1007,인간이 제일 잔인하다
1008,인간의 탈을 쓴 악마들이 넘 많다ㅡ.
1009,불법 ㅋㅋ 오지 말라고 ㅋ
1010,아 정말 잔인하다.왜 세상은 이래야 하는는지
1011,이걸보고투표를잘해야한다..정신바짝.나라가무너지는건한순간
1012,아무것도 모르는 저 어린것들을 저렇게 높은곳에서 ㅠㅠ 눈물나네 진짜 돈만생각하는 버러지들은 다 사라졌으면
1013,"대한민국도 안전지대가 무너지기 전에 국민들이 생각을 넓혀야 합니다

내 자녀는 아니겠지 내 남편은 아니겠지 내 아내는 아니겠지 하는 생각을 다시 한번 점검해서 다음세대 에게 건강한 나라를 물려 줍시다"
1014,세상에 얼마나 놀라셨을까요. 고기처럼 부드러운건 진짜 안나오더라구요.  울 둘때도 족발 먹다 목에 걸렸는데 하임리히를 아무리해도 안나와서 정말 죽는 줄 알았어요.  한참후에 나오긴했지만 생각보다 진짜 오랜시간 안나오더라구요.  그래도 나왔으니 얼마나 다행인가요.
1015,이게 뭐라고 감동스럽냐 엉엉
1016,저 직원분 배운 분.
1017,"아 씨 기레기들아, 제목에 나라 이름 좀 쓰라고.
그게 그렇게 어려워?
뭐 기레기 니들이게는 세계는 하나 뭐 그런 거냐?
글쓰기 기본, 육하원칙도 안 배웠냐?
이 근본 없고 무식한 것들아."
1018,하인리히법을  배워야  합니다  ㅠㅠ
1019,식당직원한테는 고맙다는 말도 안하냐?
1020,"심폐소생술이나 이런 응급처치법은
학교에서부터 가르쳐야한다고 봄
아이가 무사해서 다행입니다~"
1021,저도 아기때 사탕먹다 걸려서 숨넘어가는걸 옆집아주머니가 뒤집어서 등두드리니 사탕튀어나오고 살았다더라구요 여튼 저분의 기지로 아이가 살수있었네요ㅠㅠ
1022,진짜  생명의 은인이네
1023,큰 복받을겁니다.
1024,어떤 직업이든 위기상황에 대처할수 있는 메뉴얼과 비상상황을 염두해 두고 훈련과 교육을 충분히 시킬 필요가 있음
1025,종업원한테충분한보상해야할듯!
1026,몸이 작은 애들은 저렇게 땅을 보게 하고들어서 등을 두드리면 됩니다
1027,오새훈이 광고좀 안보이게 해주라 쫌!!!
1028,아가 천천히  꼭꼭 씹어 먹어라  큰일날뻔 했잖니
1029,저 부모는 얼마나 하늘이 노랗게 보였을까~ 참 다행이네~
1030,경찰이 압수한걸ㅋㅋㅋㅋ언론은 검찰이 수사해서압수한건지 알겠네
1031,골고루 웃기고있네ㅋㅋㅋ
1032,‼️몹쓸인간 ~~ 빽바지생태오세후니 ~!!
1033,"분할매도로 수익율까지 챙겼으면 국민연금보다 훨씬 잘 운용한듯.....
차라리 그분이 국민연금 운용하면 안될까????"
1034,"검찰이
봐주기 수사로 국고.손실 입힌것이 헐신 많다
법조 기레기들 빨아주다고 이빨 남아 있나"
1035,네이버  다음  망할것 같아요 ㅠ
1036,베리 나이스.
1037,음란영상이면 피해자가 있을텐데 피해자에게 줘야하는거 아냐?
1038,검찰자산운용... 검찰투자자문회사 차려라 ㅋㅋ 검찰펀드 .. 수익률 최고네
1039,"이런 기사가 바로 메인에 뜨는 알고리즘 원리가
대체 뭘까????"
